,Deal_title,Success_probability
0,TitleAD16O,63.120716598252855
1,TitleOW6CR,53.40667309620473
2,TitleVVJQ5,54.18529752118597
3,TitleUS8NA,52.25797719594439
4,Title5VGWW,49.36322347011499
5,TitleE2WOK,52.09795519774053
6,Title8CF62,54.529645706108255
7,TitleF8687,48.60266579220152
8,TitleWNTYU,49.128973022200384
9,TitleXK47X,44.31615070503723
10,Title2QCON,49.53121178009175
11,TitleR9W92,44.20134944665439
12,TitleY5USZ,54.39527152626562
13,TitleY4MJP,49.53121178009175
14,Title1W8YF,48.79400184867333
15,Title9HII9,60.56368378119821
16,Title725I7,49.85021395273202
17,TitleTB8A9,50.62858955131415
18,Title9CM6M,49.1016432130758
19,Title2ATAG,49.21066722896856
20,TitleAKV0K,49.128973022200384
21,Title40AN7,49.85021395273202
22,TitleQC654,52.24892732803036
23,TitleDYIL3,49.42930313047867
24,TitleEX1S3,53.43978014781936
25,TitleAMLDL,49.128973022200384
26,TitleQH7E7,52.25797719594439
27,TitleT52E7,54.57995116807564
28,TitleTGRSX,52.33805244202949
29,TitleNL1RF,53.67403059573397
30,TitleXOLYB,48.79096358143212
31,Title6M0R1,45.44371401124246
32,TitleO3EA1,44.71370653931173
33,TitleDOHV2,48.93540362656415
34,TitleBZERW,54.58015733079185
35,TitleGD2UX,49.36322347011499
36,TitleWLHM9,49.09586597058575
37,TitleKCOAN,54.4727350206945
38,TitleZLSEG,69.0408402309502
39,TitleIJCLT,53.64092354411933
40,Title6TO0C,52.33805244202949
41,Title6G0HX,62.181035339527284
42,TitleOI849,49.92691545073545
43,TitleFOU96,54.161021078351
44,Title1JMW2,53.43978014781936
45,TitleEK2G5,53.55685178781336
46,TitleFCVZZ,62.03589568641331
47,TitleYWT9O,52.24892732803036
48,TitleONFNK,55.88951749692984
49,TitleYBWHO,47.54219313683815
50,Title0ABZU,49.128973022200384
51,TitleRL0H9,49.69282562433115
52,Title7EQFB,54.58015733079185
53,Title4EV1D,54.630123349095314
54,TitleBGKH2,50.31931622347642
55,TitleDTP0Z,63.44654437906105
56,Title11K82,61.15792852819823
57,Title7VF6X,51.17867461456157
58,TitleQU2CO,48.72958073879076
59,Title64YS8,54.149186335090036
60,TitleFIM0Q,49.128973022200384
61,TitleCWEHX,54.352077382259225
62,Title92460,49.69282562433115
63,TitleWJ99Y,54.58015733079185
64,TitleKRL1N,55.64348933450569
65,TitleL3YT1,53.84201890571072
66,Title38LJL,53.43978014781936
67,TitleH6EHH,53.55161437877362
68,Title85MTC,50.269350205172884
69,TitleKHY4R,53.55685178781336
70,TitleVSLNT,53.43978014781936
71,Title87H8W,44.104119480332585
72,TitleF6Y3O,53.43978014781936
73,TitleARV9A,56.55973445364927
74,TitleNOVXO,63.478301445088576
75,TitleB9BV2,54.003632749950114
76,TitleBJ1RG,52.24892732803036
77,TitleCEJAA,50.65690654552931
78,Title6IXFW,61.15792852819823
79,TitleMMMJ8,51.570313390877104
80,TitleS2KHC,49.53121178009175
81,TitleBQCK8,47.5753001884528
82,Title49KAE,50.269350205172884
83,TitleI75WO,53.64092354411933
84,Title89CC9,52.09795519774053
85,TitleQH1LB,49.85021395273202
86,TitleO4EZA,48.79420801138953
87,Title29I32,63.120716598252855
88,TitleQS6HG,49.119338779411194
89,Title3X354,47.82519733597793
90,Title7O1LX,49.243774280583224
91,TitleTL3RY,50.780410967908665
92,TitleGNLFA,49.09586597058575
93,Title2LWRP,49.128973022200384
94,TitleASNW8,49.128973022200384
95,Title17AXX,47.5753001884528
96,Title1ZNU8,43.82369344631401
97,TitleI91SM,52.24892732803036
98,TitleT3O89,54.5048364719342
99,Title7SN4U,47.54219313683815
100,TitleXTN7N,43.06244508240124
101,Title60US8,49.128973022200384
102,TitleHQHV8,45.44371401124246
103,TitleKRERU,53.43978014781936
104,Title2LMSH,61.15792852819823
105,TitleRUNZZ,51.29640606977189
106,TitleNWNCQ,55.09142425624387
107,TitleX4XVX,50.47933822168028
108,TitleZZ8C4,54.161021078351
109,Title40VOT,47.5753001884528
110,TitleVJE93,44.39352943591642
111,TitleT6IFU,56.013980545457045
112,TitleJTB5C,52.33805244202949
113,TitleP27G5,49.128973022200384
114,Title9MOY9,64.91842286889711
115,TitleL2MIQ,53.43978014781936
116,Title4C0R3,49.243774280583224
117,Title9M68F,53.55685178781336
118,TitleTV4EP,49.126452447249875
119,TitleGRQSE,47.5753001884528
120,Title66KV3,49.85021395273202
121,TitleZGL83,49.128973022200384
122,TitleDXX1I,49.36322347011499
123,TitleJEC3R,50.269350205172884
124,TitleJ86PA,54.967713671148175
125,TitleY63E7,49.08865633379351
126,TitleTIZWH,48.731473131219886
127,Title8Q2VE,49.403796278787084
128,TitleU4TJJ,50.269350205172884
129,Title3DJSM,49.128973022200384
130,TitleQK0GK,47.854974224717
131,Title1RJEO,48.2863001844222
132,TitleQLAAT,53.10633766648158
133,TitleE5SMZ,47.54219313683815
134,TitleBCI7X,50.31931622347642
135,TitleEJ8QG,48.78886212519696
136,TitleF952N,53.55685178781336
137,TitleTSFVY,47.33520294416384
138,TitleMDHHH,48.61796221701361
139,TitleRHKWU,50.31931622347642
140,Title5FQ2D,49.128973022200384
141,TitleC9DTF,49.712828573467064
142,TitleMNACX,49.119338779411194
143,Title3HAQN,49.128973022200384
144,TitleVZ77S,54.630123349095314
145,Title9XK7J,53.67403059573397
146,TitleXAZ58,50.31931622347642
147,Title5AVS8,52.06484814612588
148,Title2GZ5L,44.20134944665439
149,TitleQVCQO,54.26856564348239
150,TitleQU41K,48.69626462337011
151,TitleMSQ29,54.18529752118597
152,TitleGF3AR,50.01023595093589
153,TitleM1Y03,56.13583349087921
154,TitleO050D,49.48029511010901
155,TitleMY1JL,44.07390277388173
156,TitleHR6TI,53.40667309620473
157,TitleQYD01,47.54219313683815
158,TitleDTQVL,44.63481724250639
159,TitleL0TYU,52.24892732803036
160,TitleCBNHL,48.45794021880974
161,TitleKU2HW,49.426246655846384
162,TitleVLF3R,49.766893452531576
163,Title8ZAVN,51.15334211742207
164,TitleZQS1N,50.553566671391025
165,Title6RJPI,49.128973022200384
166,TitleFITS4,47.5753001884528
167,TitleH7DCS,46.842534991803106
168,TitleW6KGP,63.44654437906105
169,TitleB19A4,50.269350205172884
170,Title3K0H0,47.88808127633165
171,TitleQETZZ,44.53758727618458
172,TitleMMOKL,49.85021395273202
173,TitleVB7TN,56.570688339524835
174,TitleP31A3,53.43978014781936
175,Title84WTP,54.75451087240687
176,Title8O71H,48.79096358143212
177,TitleEOOL3,53.43978014781936
178,TitleSL7PN,49.09586597058575
179,TitleNNMNX,49.841383343952344
180,Title94T7J,52.60816667417163
181,Title5TW58,63.81020636211731
182,TitleFSOQQ,50.780410967908665
183,Title3U0Q9,53.43978014781936
184,Title5TU5S,54.79014534729917
185,TitleZ0JY8,50.65690654552931
186,TitleTXY8Q,49.36322347011499
187,TitleVFIT3,49.841383343952344
188,Title7U9QA,49.21066722896856
189,TitleYQ0XO,51.570313390877104
190,Title7MGIZ,54.12791402673638
191,Title9072O,54.630123349095314
192,TitlePIGTN,50.31931622347642
193,TitleN0MYB,54.630123349095314
194,TitleRIWZ8,53.610347898682136
195,TitleZIGTQ,49.33011641850035
196,TitleTW439,49.128973022200384
197,TitleUIT6V,49.128973022200384
198,TitleR6XH3,53.43978014781936
199,Title58R3H,50.2691440424567
200,TitleDEBAJ,45.146084167958406
201,TitleQZ64P,56.05005738132253
202,TitlePR1PN,48.79420801138953
203,Title482NU,53.430145905030145
204,TitleGZLAP,55.09142425624387
205,TitleS9B92,44.218920738715426
206,TitleY95FX,49.128973022200384
207,TitleFMC0D,49.766893452531576
208,TitleI0INY,48.76268779040538
209,Title0GAJI,50.269350205172884
210,Title6LA9P,49.38643408151334
211,TitleKILVF,51.33268220888682
212,TitleAITZX,54.19205538405535
213,TitleL6A1J,50.65690654552931
214,TitleCYT9J,49.97712889932127
215,TitleDST6L,49.243774280583224
216,Title6BNFS,49.53121178009175
217,TitleXAPT4,54.967713671148175
218,TitleHJ3WF,49.128973022200384
219,TitleNDJ2A,52.33805244202949
220,TitleYYGY8,49.8171069011174
221,TitleCVP13,53.55685178781336
222,TitleL7DS2,44.45873874760602
223,TitleVO0MI,50.65690654552931
224,Title1QLMW,49.6904010183342
225,TitleAFWVU,54.19205538405535
226,TitleMQGXY,52.61941853898169
227,TitlePS05F,51.570313390877104
228,TitleTBPD7,44.218920738715426
229,TitleSC6IH,52.25797719594439
230,TitleWMDY2,59.51306432559559
231,Title8AXHN,65.45704522661234
232,Title8WJ3G,54.86437379700995
233,TitleSYQ3F,47.88808127633165
234,TitleF0S76,49.128973022200384
235,Title23FI5,53.36541804577821
236,TitleYM00H,52.33805244202949
237,TitleV4Q21,49.841383343952344
238,TitleZW3VH,49.33011641850035
239,TitleWTD4L,51.33268220888682
240,TitleHGN2A,67.70932159162977
241,Title5NAK8,47.735322186656674
242,TitleAFWDD,54.967713671148175
243,TitleCVTAZ,43.21119058707552
244,Title6S2L6,53.40667309620473
245,TitleU7VJM,53.55458140620219
246,Title25JJZ,54.034315195567785
247,TitleU2OST,47.88808127633165
248,TitleZK1N8,49.09586597058575
249,TitlePJS42,49.09586597058575
250,TitleT2N5V,54.58015733079185
251,Title2WV7J,49.85021395273202
252,TitleFAB82,54.001208143953164
253,TitleUP3M1,53.55458140620219
254,TitleT2JNN,48.91544688008037
255,TitleCLQNO,51.570313390877104
256,Title9R03I,44.218920738715426
257,Title07QDY,52.304945390414844
258,Title2IVM3,49.128973022200384
259,TitleVP36Q,50.64593937102056
260,TitleK4XJS,49.28899502040426
261,Title4B9AT,49.6904010183342
262,TitleIKWWI,49.243774280583224
263,TitleGIP04,49.589325128682546
264,Title9PWR5,49.128973022200384
265,TitleFPMEZ,48.414926605951564
266,Title2I5M7,49.128973022200384
267,Title9R98H,44.115747014812335
268,Title0NIZP,47.30209589254919
269,TitleWNR0U,49.48029511010901
270,TitleAHKSJ,50.31931622347642
271,TitleJQHWZ,49.403796278787084
272,TitleY63MM,48.93540362656415
273,Title7R26O,50.553566671391025
274,TitleERLRI,49.36322347011499
275,Title9DNDI,50.31931622347642
276,TitleN1GIT,54.161021078351
277,TitleZHHGX,48.414926605951564
278,TitleILO9W,49.766893452531576
279,TitleV8J6I,50.084464400646624
280,Title6FUHU,44.218920738715426
281,TitleKU88H,51.450619826813366
282,TitleGWFWJ,49.128973022200384
283,TitleQUUJE,49.08865633379351
284,Title1CUT0,52.33805244202949
285,TitleRPEUI,66.91722816293132
286,TitleRWN0X,49.21066722896856
287,Title2TB8F,42.68069050025754
288,TitleJBP95,49.243774280583224
289,Title2EHEM,47.735322186656674
290,TitleJZ4ZZ,49.243774280583224
291,TitleUR93W,53.24621075218312
292,Title2EEYL,53.71460340440605
293,TitleQKKKC,44.59779773346432
294,TitleBV5KY,49.243774280583224
295,TitleYEHWZ,40.99073243466424
296,Title9GWVF,53.43978014781936
297,TitleLF6V7,51.857288551714916
298,TitleGEZF0,50.553566671391025
299,TitleLNVE2,51.33268220888682
300,TitleM0Z66,47.5753001884528
301,Title0Z5ME,49.128973022200384
302,Title72FQJ,53.55675410225004
303,TitleRIG9O,49.49244100492005
304,TitleSNRHC,49.243774280583224
305,TitleZYG49,44.104119480332585
306,TitleL7PNT,49.40606666039827
307,TitleR0QR3,49.128973022200384
308,Title853VR,53.521474354587525
309,TitleAHYGU,50.780617130624876
310,TitleUE5GI,54.967713671148175
311,TitleWQE72,49.75452113686144
312,TitleB3YJF,49.09586597058575
313,TitleP5WMY,51.70317341983814
314,TitleP1ICM,49.21066722896856
315,TitleKK5F9,49.128973022200384
316,TitleMD7B7,48.78886212519696
317,Title6PDLX,49.06210950934738
318,Title7KCK3,49.957758517863425
319,TitleE82ZH,49.72350806994882
320,TitleSOLQY,55.88091435377973
321,TitleCQMFZ,49.72350806994882
322,TitleGMHJJ,49.243774280583224
323,TitleY3CTI,50.31931622347642
324,TitleE0F81,50.68886265930742
325,TitleZFA8I,49.42930313047867
326,TitleULSDL,54.630123349095314
327,Title34CJS,53.43978014781936
328,TitleS9KBI,53.55458140620219
329,Title6CM5T,49.93548056189521
330,TitleLYI3U,53.43978014781936
331,Title38R86,49.128973022200384
332,TitleS82G6,49.128973022200384
333,TitleSYV81,49.06210950934738
334,Title9UUQ3,49.36322347011499
335,TitleHMB3O,56.93022566460061
336,TitleBC20O,53.521474354587525
337,TitleYXY72,53.43978014781936
338,TitleV507Q,53.04905243799891
339,TitleD1JZI,36.80798815213615
340,Title0MNUW,44.218920738715426
341,TitleKSO5Y,55.40869162459727
342,TitleZ5ZLQ,53.04905243799891
343,Title2M7AV,47.5753001884528
344,TitlePQYAC,49.28899502040426
345,TitleN5OC4,54.529645706108255
346,TitleG1V42,49.24604466219441
347,Title4M0M0,49.02451366493071
348,TitleQBMS6,50.780410967908665
349,Title2LAUA,49.53121178009175
350,Title0GLCX,50.912806017532276
351,Title72Y5L,47.5753001884528
352,TitleFCGPO,48.72937167498473
353,TitleOMYPK,53.59980214602324
354,TitleBZMHQ,49.53121178009175
355,Title3MF67,49.21066722896856
356,TitleJLN3N,50.269350205172884
357,Title881YW,53.43978014781936
358,TitleXH1PW,50.553566671391025
359,TitleKUO6X,68.28400503725729
360,TitleRVF5F,49.25588796878962
361,TitleFS6PM,49.119338779411194
362,TitleBLK74,49.128973022200384
363,Title5SA8C,47.5753001884528
364,TitleQRM70,44.45873874760602
365,TitleD8SRX,50.269350205172884
366,Title30J3Q,49.128973022200384
367,TitleHD2QJ,49.3535892273258
368,TitleSEOJC,45.44371401124246
369,TitleFWTDO,51.33268220888682
370,TitleTL45U,50.65690654552931
371,Title3CYSC,49.095425624768026
372,Title777LR,56.20019712857351
373,TitleJKMVS,49.40606666039827
374,Title5SU1I,43.435126436180525
375,Title7OAQB,56.55943647471477
376,Title7JR4T,53.681496352791385
377,TitleOK4D6,49.24604466219441
378,TitleVWZ8U,47.5753001884528
379,Title2BFXG,47.5753001884528
380,TitleQA2XL,47.72694667608655
381,TitleCRJ51,54.19205538405535
382,TitleA1E4X,50.780617130624876
383,TitleKDPSC,52.33805244202949
384,TitleQD7TQ,56.20019712857351
385,TitleTXY5O,53.67403059573397
386,TitleEG6MZ,47.30209589254919
387,TitleS8CK2,49.243774280583224
388,TitleXDTHO,54.630123349095314
389,TitleY3QME,53.43978014781936
390,TitleSV0GA,44.852190092811654
391,TitleXP7EA,49.68935576464162
392,TitleUUFCT,48.795530540862615
393,TitleFJN80,47.88808127633165
394,TitleNY5WX,48.79420801138953
395,TitleRJ1CV,61.66298008607751
396,TitleN40KU,49.128973022200384
397,Title8HF4L,50.31931622347642
398,TitleWTQHE,54.84242679398709
399,TitleJ8X0T,44.218920738715426
400,Title5WYGO,49.128973022200384
401,TitleOX8KK,49.09586597058575
402,TitleZPRX1,45.95498093669447
403,TitleGRFOA,51.139650314049916
404,TitleV587I,54.79014534729917
405,TitleKW46K,54.034315195567785
406,TitleZJ2K4,49.42930313047867
407,TitleEPO7G,52.304945390414844
408,Title4KC4G,54.19205538405535
409,TitleSQ1UX,53.40667309620473
410,TitleXTSXA,53.55458140620219
411,TitleN9D7T,53.24621075218312
412,Title3KSPR,54.630123349095314
413,TitleBSPVW,51.68825100880365
414,TitleIZBD7,53.915993448391305
415,TitleH7U28,52.09795519774053
416,Title1OE44,53.24621075218312
417,TitleVT583,49.128973022200384
418,TitlePLYZ7,53.43978014781936
419,Title5ELG8,54.32104307655487
420,Title6021C,49.128973022200384
421,TitleD6QWR,47.5753001884528
422,Title25DXW,49.53121178009175
423,TitleKQ4GN,50.31931622347642
424,Title212WI,48.52972786433439
425,TitleBLB0L,53.55458140620219
426,Title7D9HI,50.31931622347642
427,TitleEBE82,49.69282562433115
428,TitleV2GHR,50.65690654552931
429,TitleNEB47,49.42930313047867
430,TitleQKO2E,49.128973022200384
431,TitleC1EPZ,49.766893452531576
432,TitleW7GAO,50.31931622347642
433,Title4KKQU,47.33520294416384
434,Title62W3F,48.79420801138953
435,Title5P4GX,53.43978014781936
436,TitleXKYVF,51.80793608594823
437,Title5P66J,53.43978014781936
438,Title1EE9R,48.769545873224985
439,TitleXVCR2,49.37068922717242
440,TitleK44RW,53.430145905030145
441,TitleDWYFP,54.630123349095314
442,Title35K93,52.65083352990834
443,TitleD6C58,49.37068922717242
444,Title37QC6,49.128973022200384
445,TitleEJBN9,54.630123349095314
446,TitleID60J,53.43978014781936
447,Title5ZBJ5,49.029002457732716
448,TitlePCO6B,49.128973022200384
449,TitleM8580,53.43978014781936
450,TitleIAQL1,49.128973022200384
451,TitleWLCXK,50.891156993443914
452,Title5NO46,53.84201890571072
453,TitleAI3PE,49.42930313047867
454,TitlePCQZJ,43.96857181745912
455,TitleHMKTR,49.691233778295626
456,Title68F6W,44.104119480332585
457,Title2SOBE,48.78886212519696
458,Title6QIWC,45.54337063892953
459,TitleWO5WW,47.58636872892829
460,TitleJ6LKX,49.128973022200384
461,TitleEEWU5,49.53121178009175
462,TitleAX85X,44.104119480332585
463,Title443L5,49.243774280583224
464,TitleQC1J3,49.128973022200384
465,TitleNUPCU,49.72350806994882
466,TitleGUX97,51.857288551714916
467,Title5I6VM,47.44344275383423
468,Title728I0,52.65083352990834
469,Title96ZGF,42.68069050025754
470,TitleLU0NA,50.31931622347642
471,TitleEMAGD,49.243774280583224
472,Title9H3O7,49.85021395273202
473,TitleM3CS3,48.84839440180356
474,TitleP597Y,49.87449039556701
475,Title01DZ1,50.31931622347642
476,TitleLNNSR,47.54219313683815
477,TitleHOIHH,49.243774280583224
478,TitleGBS9Q,49.128973022200384
479,Title30FYE,53.521474354587525
480,Title2SUCH,54.57995116807564
481,TitleE9XI2,49.85021395273202
482,TitleDA82X,49.40606666039827
483,TitleYW8HR,49.128973022200384
484,TitleJN6AI,48.52972786433439
485,TitleH2MWB,49.128973022200384
486,TitleYQVSH,49.09586597058575
487,TitleQRZJP,53.40667309620473
488,Title24RUL,54.19415684029052
489,TitleCRE6X,49.85021395273202
490,TitleR43PJ,49.128973022200384
491,TitleP2K1E,52.24892732803036
492,TitleAOBGF,49.28899502040426
493,TitleHBYUY,47.33520294416384
494,TitleEVCML,49.21066722896856
495,TitleZFAPT,50.31931622347642
496,TitleYIUI7,47.54219313683815
497,Title1FPQK,50.01023595093589
498,TitleUJWBW,50.65690654552931
499,TitleBJYR7,49.243774280583224
500,Title8JTF1,50.912806017532276
501,TitleTZA49,49.128973022200384
502,TitleT1B7R,52.64204146164549
503,TitleAM3CB,48.78886212519696
504,TitleWO5ED,53.40667309620473
505,Title2TMWH,67.86779312569266
506,Title06VRW,51.857288551714916
507,TitleYV0UP,49.36322347011499
508,TitleO4V34,49.72350806994882
509,TitleFKSK0,49.243774280583224
510,TitleNEH76,48.45794021880974
511,TitleAVXZC,53.43978014781936
512,TitleV60DG,47.735322186656674
513,TitleUTZ31,49.21066722896856
514,TitleC2PWK,48.2863001844222
515,TitleE4HGA,47.5753001884528
516,TitleS3ZB0,49.87449039556701
517,TitleIP9KH,52.61941853898169
518,TitleCGSRD,54.58015733079185
519,Title5QXSN,52.76874734442869
520,Title5Y2T3,48.856286621573986
521,TitleWD6V4,51.33268220888682
522,TitleXFC6B,48.642839990441786
523,TitleG41PJ,50.31931622347642
524,Title8I7VJ,49.24604466219441
525,TitleCIF2Z,54.630123349095314
526,Title3V4QG,49.42930313047867
527,Title73XMP,54.58015733079185
528,TitleQLI7E,51.17867461456157
529,TitleQ7I7W,51.33268220888682
530,TitleJ4DQW,51.92955273701837
531,TitleKSVLN,57.152657345040694
532,Title6MJU4,50.65690654552931
533,TitleAYMCE,50.65690654552931
534,Title043KJ,53.55458140620219
535,TitleS0GE1,52.61941853898169
536,TitleZNARU,47.88808127633165
537,Title2PJZB,41.94612720249788
538,TitleP0GZJ,50.316997864004676
539,Title38AOP,51.857288551714916
540,Title2FI5G,49.72350806994882
541,TitleYMGMA,53.43978014781936
542,TitleAWKNH,48.69626462337011
543,Title5UDJC,47.30209589254919
544,Title8O4SI,48.60476724843667
545,TitleQAJYO,53.97052569833545
546,TitleV0DBN,31.815594709464143
547,TitleVZPED,48.72958073879076
548,TitleO1AYG,53.915993448391305
549,Title5P39E,48.90229657494949
550,Title108RD,64.99732398927051
551,Title1HV11,49.243774280583224
552,TitleREAXR,49.09586597058575
553,TitleYHGTP,49.766893452531576
554,Title1FBD5,53.67403059573397
555,TitleXIV7E,53.55675410225004
556,TitleHBD7W,47.735322186656674
557,TitleSNRI6,54.161021078351
558,TitleJNM2W,49.36322347011499
559,TitleLT4SL,50.47933822168028
560,TitleAXAZF,49.128973022200384
561,TitleZWBNC,53.67403059573397
562,TitleQJ4WL,51.856495800445785
563,TitleCR7DT,49.74365698245117
564,Title3NIBO,57.41243680494661
565,TitleZL24H,50.269350205172884
566,TitleFQSKJ,49.128973022200384
567,TitleBNU2C,55.09142425624387
568,TitleKD877,49.128973022200384
569,TitleFQJXF,49.53121178009175
570,Title64GLO,53.40667309620473
571,TitleMSE5Y,45.181633879301074
572,TitleQZ49S,49.153447357530794
573,TitleJ4L5V,54.86437379700995
574,TitleFNW5B,81.15061455323226
575,TitleF9B29,49.85042301653806
576,TitleS1YFA,46.450896215487575
577,TitleHRIXA,49.128973022200384
578,TitleQ6MXK,50.52116724121679
579,TitleSUBDW,48.79400184867333
580,Title83RZD,44.53758727618458
581,TitleUZ1WK,53.43978014781936
582,TitleFXCG1,61.87587368820944
583,TitleGB31Y,56.19395952949802
584,Title4V7DH,43.06244508240124
585,TitleXKJOO,49.128973022200384
586,TitleL4PKX,62.85749412057511
587,TitleXJ4U2,49.28899502040426
588,TitleF5WUU,52.304945390414844
589,TitleCXS2J,50.65690654552931
590,Title3E422,49.128973022200384
591,TitleSA53I,49.53121178009175
592,Title4TW3L,48.4472002948408
593,Title2JPQN,47.5753001884528
594,TitleVGL10,51.17867461456157
595,TitleC0Z97,55.995164466633696
596,TitleZWGTT,53.43978014781936
597,TitleHRY59,60.50762066590322
598,TitleCA0PS,49.128973022200384
599,Title92JV6,53.37291663496633
600,Title921U4,49.06210950934738
601,TitleEE9YB,50.31931622347642
602,TitleUXYL0,47.5753001884528
603,TitleU6AP7,49.431404586713825
604,TitleEMRKZ,53.40667309620473
605,TitleIR8CL,49.24604466219441
606,TitleDR4D4,53.55458140620219
607,TitleI7MHB,48.84839440180356
608,TitleJYDUH,49.72350806994882
609,TitleOOHW2,49.24604466219441
610,TitleAA0K2,49.128973022200384
611,TitleQI6S3,49.53121178009175
612,TitleEN5WF,53.84201890571072
613,TitleASAWY,49.128973022200384
614,Title0XG83,49.42930313047867
615,Title7R23W,47.5753001884528
616,TitleWHX4L,60.75791672021032
617,Title1ER2Y,50.47933822168028
618,Title9VTVJ,53.43978014781936
619,TitleWRVN0,51.13985647676613
620,TitleN0LUE,53.55458140620219
621,TitleYXVMN,49.06210950934738
622,TitleQ0LPL,50.31931622347642
623,Title56GMA,49.74208421835752
624,TitleLI03A,52.304945390414844
625,TitleWZ253,49.33011641850035
626,TitleLXK51,49.243774280583224
627,TitleDGNUU,50.95403031185366
628,TitleMQ41O,49.53121178009175
629,Title25ZKS,49.128973022200384
630,TitleNR8HN,51.15334211742207
631,TitleCPVCW,60.802251154381096
632,Title8KABP,53.43978014781936
633,TitleIMHXK,62.34105733773116
634,Title7HHOZ,49.128973022200384
635,TitleMGECQ,56.20019712857351
636,TitleOQU6Q,53.55685178781336
637,Title3T8Q8,49.21066722896856
638,TitleH4R55,54.161021078351
639,TitleJ69RU,53.43978014781936
640,TitleC7RYX,53.55458140620219
641,TitleURF8X,52.33805244202949
642,TitleJLQ0Y,52.24892732803036
643,TitleSZL62,54.18529752118597
644,TitleKP3U7,56.93022566460061
645,TitleTRE3S,49.589325128682546
646,TitleN6F2A,49.128973022200384
647,Title4LFA1,53.55458140620219
648,TitleNU02U,49.28899502040426
649,TitleZFXCP,50.269350205172884
650,TitleMMAZY,53.430145905030145
651,TitleYNGW5,66.33475365213575
652,TitleMMDN8,49.69117954937869
653,TitleJJOCR,48.662156242413744
654,TitleISH2D,57.858762404838686
655,Title6OWJL,50.269350205172884
656,TitleJE4O9,47.5753001884528
657,Title3Q4OR,50.553566671391025
658,TitleH0UQK,54.630123349095314
659,Title5LQOQ,53.40667309620473
660,TitlePN59V,53.49212392856141
661,TitleAIMZ4,49.27936077761507
662,TitleR0HQW,65.1573001696383
663,Title86L33,54.149186335090036
664,TitleN7R4T,49.53121178009175
665,TitleMAO9L,53.430145905030145
666,TitleY6XA5,49.72350806994882
667,TitleI8ERD,49.85021395273202
668,TitleUJYEL,48.60266579220152
669,TitleKYSRZ,49.128973022200384
670,Title7RZD6,52.65083352990834
671,TitleOVNNA,55.60741935810705
672,TitleXCW6I,44.71370653931173
673,TitleC700S,49.72350806994882
674,TitleTV7P4,60.4307469225912
675,TitleRQ5OT,49.33011641850035
676,TitleU6ACG,52.33805244202949
677,TitleP1WHY,49.85021395273202
678,TitleAJ8XX,53.681496352791385
679,TitleX99W6,50.31931622347642
680,TitleY1SAV,50.31931622347642
681,TitleID0JM,44.75553555884825
682,TitleLFI9R,49.128973022200384
683,TitleQ7FOO,50.65690654552931
684,TitleYLBWY,49.53121178009175
685,Title8SPUR,49.85021395273202
686,Title9HRQL,49.53121178009175
687,TitleUHPKX,49.85021395273202
688,TitleBLUPD,60.958418343086905
689,TitleS73N4,45.181633879301074
690,TitleLHPZC,50.65690654552931
691,TitleKXZVP,53.49212392856141
692,TitleQ8ZJ5,62.38336624025348
693,TitleVQ58V,44.98943650977982
694,TitleRCGOM,63.51082161629874
695,Title205FL,54.19205538405535
696,TitleQ0JJA,49.691233778295626
697,TitleNKJ1P,54.18529752118597
698,TitleDL5RK,50.68886265930742
699,TitleDXHHB,53.556960264966236
700,Title1HO0Y,54.149186335090036
701,TitleR0GBY,53.521474354587525
702,TitleGW5DY,49.09586597058575
703,TitleZ6KT9,50.31931622347642
704,TitleA5BKG,44.104119480332585
705,TitlePSZTQ,53.43978014781936
706,Title3VAP1,49.24604466219441
707,TitleULTS1,47.5753001884528
708,Title280ZR,63.854039716973816
709,TitleW4DV8,42.550446646585
710,Title0GAD5,47.5753001884528
711,Title1N8A6,47.88808127633165
712,TitleFLH8A,49.243774280583224
713,TitleH23CM,50.269350205172884
714,TitleT269F,49.456929101464084
715,TitleR5U46,53.71460340440605
716,TitleZEREP,49.243774280583224
717,Title7HJF4,52.587019108807496
718,Title8PQZL,52.24892732803036
719,TitleEGIZM,53.43978014781936
720,Title408P2,50.553566671391025
721,Title8GRU3,54.967713671148175
722,TitleW1T1J,48.23640922154604
723,TitleJISI6,53.76773622708302
724,TitlePCZK5,54.26856564348239
725,TitleR6W9K,50.01023595093589
726,TitleS398A,48.795530540862615
727,Title3O3Z7,43.69525087684853
728,Title76D08,53.67403059573397
729,TitleNXYVG,47.5753001884528
730,Title1ZANJ,43.925602095927076
731,TitleY3W82,44.71370653931173
732,TitleY7YHY,48.72937167498473
733,TitleXX8MH,52.28190554993398
734,TitleUO1RJ,53.37291663496633
735,TitleW91AR,48.78886212519696
736,TitleXTQNO,53.521474354587525
737,TitleKY5CH,54.544536867327224
738,TitleK5PA7,49.75452113686144
739,TitleMNYZG,49.36322347011499
740,TitleFZWCL,49.36322347011499
741,TitleRTETD,50.31931622347642
742,TitleRM0AT,53.64092354411933
743,TitleF2I93,50.31931622347642
744,TitleCGK0T,50.051357349032
745,TitleLDY20,47.5753001884528
746,TitleG7ASQ,49.128973022200384
747,TitleQ0LC9,49.128973022200384
748,Title6F1QJ,47.5753001884528
749,TitleNV8HX,49.128973022200384
750,Title5RB1Y,49.36322347011499
751,TitleZFZU0,45.95498093669447
752,TitleSV3V8,53.49212392856141
753,TitleQ0D4D,43.69525087684853
754,Title1N86W,54.12869255778081
755,Title96N3Z,53.43978014781936
756,TitleM1RQ5,54.161021078351
757,TitleFZ9P9,50.52800175309402
758,Title5TEF6,49.75452113686144
759,Title2JDEQ,54.58015733079185
760,TitleDT2SJ,53.67403059573397
761,TitleUH7UE,52.61941853898169
762,TitleX8GD0,52.28190554993398
763,Title39FPS,51.570313390877104
764,Title41VTG,49.128973022200384
765,TitleGM3Q4,44.20134944665439
766,TitleJG6EE,49.456929101464084
767,TitleB59S5,50.31931622347642
768,TitleM5YGV,49.02451366493071
769,TitleRDY6Q,49.36322347011499
770,Title2DZSU,47.33520294416384
771,TitleQ6AE6,50.31931622347642
772,TitleXF7WO,48.60266579220152
773,TitleQUNLH,50.47933822168028
774,Title3XAGQ,62.7253034485294
775,TitleTJYTM,49.24604466219441
776,TitleMXYD9,55.76142695243223
777,TitleZVEUN,47.5753001884528
778,Title6I28C,49.128973022200384
779,TitleJVPCM,47.951242103648696
780,TitleKMH84,50.62858955131415
781,TitleUZH7Y,53.43978014781936
782,TitleJT4D6,54.529645706108255
783,TitleO6I2Z,51.15334211742207
784,TitleKJW77,45.61510167515307
785,TitleIS8WY,50.084464400646624
786,TitleDBU52,53.80490501644026
787,TitleX53DD,49.128973022200384
788,Title2U4U7,49.128973022200384
789,TitleFIMG6,47.5753001884528
790,Title84QHN,49.359661327255566
791,TitleL1CUK,49.128973022200384
792,TitleCKTYO,50.2691440424567
793,TitleA3J06,53.84201890571072
794,TitleSA5JQ,53.43978014781936
795,TitleVTIQ0,61.92073915418764
796,Title20LYN,63.319838496277825
797,TitleLYJHC,49.09586597058575
798,Title79OW9,52.227779762666245
799,TitleVDS21,49.53121178009175
800,TitleL2JEW,49.42930313047867
801,Title91TMK,49.128973022200384
802,TitleNQ6UW,52.09795519774053
803,TitleFZGVV,56.93022566460061
804,TitleRJCDZ,48.5864456998907
805,TitleHHBDW,49.87449039556701
806,TitleSRVI6,46.84218579659707
807,TitleBKT65,49.58363498424731
808,TitleVG340,55.88091435377973
809,TitleJ7HCY,50.31931622347642
810,TitleZ96R8,50.31931622347642
811,Title4WUD8,54.630123349095314
812,Title2BP97,48.60266579220152
813,TitleD1HSV,53.37291663496633
814,TitleC2UUJ,51.2966122324881
815,Title9G7Z7,50.31931622347642
816,TitleI1KEN,51.80985917295462
817,TitleKPLT4,51.92934657430217
818,Title4ZWP5,49.72350806994882
819,TitleBS0WL,51.80793608594823
820,TitleKKWCA,56.013980545457045
821,Title0FU5S,48.93540362656415
822,TitleE0KRJ,54.4727350206945
823,TitleVVRFD,49.128973022200384
824,TitleHT658,48.8395466925967
825,Title852B3,50.269350205172884
826,TitleUXIF0,54.19205538405535
827,Title9JWRB,49.72350806994882
828,Title8UR96,49.589325128682546
829,TitleZ7KJ0,52.60816667417163
830,Title8FJ5H,42.550446646585
831,TitleHH06V,44.104119480332585
832,Title9I3T6,49.05437303988005
833,TitleF8HC1,53.67403059573397
834,TitleON8DS,48.60266579220152
835,TitleSAZ3H,56.55973445364927
836,TitleDYABC,47.4952249423677
837,TitleW88NY,55.881120516495926
838,Title82CIH,51.40179565285197
839,TitleO56QD,47.5753001884528
840,Title3MLCN,50.31931622347642
841,Title7UY6H,55.88951749692984
842,TitleDNR3M,49.25588796878962
843,Title7B6CX,50.084464400646624
844,Title07MM6,54.19205538405535
845,TitleI9IAV,54.161021078351
846,TitleYK4LF,53.84201890571072
847,TitleBQUYG,53.37291663496633
848,TitleRV8BW,55.29075400667074
849,Title5ITDB,52.33805244202949
850,TitleW76GX,49.095425624768026
851,TitleB729Z,44.71370653931173
852,Title6YTWX,45.44371401124246
853,TitleQ8BFC,53.37291663496633
854,TitleV27SW,61.392178976112845
855,TitleLDP9Z,49.36322347011499
856,Title54BZJ,49.243774280583224
857,TitleK9D3B,49.128973022200384
858,TitleAAQG7,49.24604466219441
859,Title2WVH7,48.69626462337011
860,TitleQMG6A,51.32452152280497
861,TitleOHTAM,49.243774280583224
862,TitleV03GG,53.36541804577821
863,TitleWSZ3T,50.553566671391025
864,TitleAVXHK,50.780617130624876
865,TitleVTXCA,52.61941853898169
866,Title7941F,49.243774280583224
867,TitleT93VF,50.553566671391025
868,TitleED8J4,48.414926605951564
869,TitleBNIB0,54.630123349095314
870,Title8L2FQ,50.31931622347642
871,Title013WA,53.5666950944086
872,Title6U8JD,51.33268220888682
873,TitleIZ79K,53.66439635294475
874,Title5PLDW,49.09586597058575
875,TitleXUBFQ,53.459016876946805
876,TitleXQ02F,50.62858955131415
877,TitleA12R8,48.79420801138953
878,Title2CV9B,54.149186335090036
879,TitleU8E3D,65.92896811226419
880,Title9PCE2,50.084464400646624
881,TitleP0FXZ,49.25588796878962
882,TitleCFQ3K,53.55458140620219
883,TitleMGDZ8,49.589325128682546
884,TitleIG909,48.79420801138953
885,Title6JM16,48.84839440180356
886,TitleAGWZH,49.42930313047867
887,Title5DKVV,53.43978014781936
888,TitleFFUCT,52.33805244202949
889,TitleGV7XI,49.85021395273202
890,TitleZL409,49.33011641850035
891,Title31RSX,43.82369344631401
892,Title3JEMA,50.64593937102056
893,TitleZB5U0,52.24892732803036
894,TitleM109I,52.24892732803036
895,TitleU7WEV,55.127735669352035
896,TitleO3PQQ,53.40667309620473
897,TitleVDD91,49.243774280583224
898,TitleOJV2K,52.304945390414844
899,TitlePLWWG,53.43978014781936
900,TitleBCQIN,46.842534991803106
901,TitlePKRME,63.854039716973816
902,Title9IF16,49.42930313047867
903,TitleNFJJ0,49.128973022200384
904,TitleS0ZXM,50.269350205172884
905,TitleVHI07,49.28899502040426
906,TitleI6DYI,50.31931622347642
907,TitleZQRIZ,55.88091435377973
908,Title7APVX,49.403796278787084
909,TitleHFKTG,54.161021078351
910,TitleGUFXV,50.269350205172884
911,TitleN3VPE,49.42930313047867
912,Title31RKT,49.85021395273202
913,TitleY0HVR,49.128973022200384
914,TitlePQ5SJ,43.98165643523586
915,TitleWJZHU,54.529645706108255
916,TitleM49YE,49.42930313047867
917,TitleUMLYA,47.33520294416384
918,Title9BHDG,49.02451366493071
919,TitleBSAAD,49.722462816256254
920,TitleE0CW3,44.104119480332585
921,Title73ZNE,55.09801199295357
922,TitleXZSVX,48.72937167498473
923,TitleTBE5E,52.24892732803036
924,TitleXNL80,50.81692854373317
925,TitleJSMS5,50.65690654552931
926,TitleQ9F4N,51.450619826813366
927,Title3PIBO,44.71370653931173
928,Title9NZL7,50.31931622347642
929,Title7IIH3,54.86437379700995
930,Title57ZHD,53.84201890571072
931,TitleM217C,54.86437379700995
932,TitleEDOCD,48.45794021880974
933,TitleMEH6X,49.36322347011499
934,TitleDUQ23,49.53121178009175
935,TitleDJKZD,53.556960264966236
936,TitleK3CB0,68.49847228192576
937,TitleQDGJS,53.59980214602324
938,TitleT4ZWO,48.2863001844222
939,TitleE38OK,54.630123349095314
940,TitleSQBLU,49.36322347011499
941,TitleLPIH0,49.42930313047867
942,TitleEH1XB,47.54219313683815
943,Title9LMWD,50.21732212145032
944,TitleIY4JP,49.128973022200384
945,Title32BHO,53.43978014781936
946,TitleWRFTS,54.58015733079185
947,Title6R8YY,60.30849876787828
948,TitleR4LB9,50.31931622347642
949,TitleE1AWV,54.58015733079185
950,TitleH7YB1,50.31931622347642
951,Title719HX,49.56611974154792
952,TitleESQPM,49.128973022200384
953,TitleOZOUT,50.31931622347642
954,TitleXKOLD,53.53293863317019
955,Title4ZA24,50.31931622347642
956,TitleLQHNU,49.85021395273202
957,TitleY9IG8,52.7252765417017
958,TitleT6ISM,53.40667309620473
959,TitleA6121,53.84201890571072
960,Title375P6,58.08235578273151
961,Title0I86K,48.48030734645545
962,TitleVIVN9,48.76268779040538
963,TitleOWJAW,55.881120516495926
964,TitleBBMUM,54.19205538405535
965,Title9VFH9,47.33520294416384
966,TitleR11CX,50.269350205172884
967,Title82DQ7,49.53121178009175
968,TitleIVLS7,52.09795519774053
969,TitleVZIVX,49.24604466219441
970,TitleMREEV,58.76542807437329
971,TitleZLTMX,47.33520294416384
972,Title1KYR7,53.67403059573397
973,TitleO0AIE,49.243774280583224
974,TitleBE5HO,45.95498093669447
975,Title85EPD,48.72937167498473
976,TitleUAJOX,44.218920738715426
977,TitleKXLZ1,48.48030734645545
978,Title6SVNM,53.59980214602324
979,TitleIJNJZ,49.53121178009175
980,Title9ZE5W,48.78886212519696
981,TitleMPJT7,49.768994908766715
982,Title9A9O6,62.11341990664451
983,TitleIU0LO,49.243774280583224
984,TitleVAKQY,47.805881177344375
985,Title2K1OA,53.67403059573397
986,Title72SUU,50.084464400646624
987,TitleH1PWT,47.58636872892829
988,TitleQY76J,53.43978014781936
989,TitleKDURS,54.93939667693313
990,TitleZA3HK,49.85021395273202
991,TitleYAU4L,49.06210950934738
992,TitleCYJDK,53.59980214602324
993,TitleKANYG,40.462811384547905
994,Title1HQYD,49.128973022200384
995,TitleZTMJJ,48.72937167498473
996,Title1L5SN,49.128973022200384
997,TitleZ5ZYD,53.37291663496633
998,Title6TYUI,52.24892732803036
999,TitleBHSPR,48.78886212519696
1000,Title4B3IC,70.97461475228272
1001,TitleH13PD,49.06210950934738
1002,Title9V62Y,48.93540362656415
1003,TitleSAMZQ,49.457981460782705
1004,TitleQALDY,69.33594758395826
1005,Title87TBE,53.010072876049605
1006,TitleAWG5Y,50.553566671391025
1007,TitleYKL1L,49.243774280583224
1008,TitleUXOC3,51.857288551714916
1009,TitleLRKK5,50.31931622347642
1010,Title5IV1R,43.925602095927076
1011,TitleRSLKR,54.034315195567785
1012,TitleNYKLA,52.408611432717194
1013,TitleXU29Q,53.36541804577821
1014,TitleXWKBQ,50.31931622347642
1015,TitleLPACI,48.78886212519696
1016,TitleR9F1M,54.161021078351
1017,TitleQHTDD,49.04215276286358
1018,Title4FRC1,50.81692854373317
1019,TitleY1IDY,50.31931622347642
1020,Title9RQ55,52.65083352990834
1021,TitleZHCIX,49.88353006815268
1022,TitleOCI7Q,48.414926605951564
1023,TitlePN8Q4,54.630123349095314
1024,TitleAULBR,49.095425624768026
1025,TitleHVKUX,62.97124913204665
1026,TitleMF27R,49.128973022200384
1027,TitleEEMZV,44.31615070503723
1028,Title0DBE8,49.3535892273258
1029,TitleDKL6N,49.119338779411194
1030,TitleK5NCL,53.43978014781936
1031,Title6HL1Y,49.36322347011499
1032,Title9JHMK,48.45794021880974
1033,TitleY9SAK,53.36541804577821
1034,TitleEL816,49.28899502040426
1035,TitleGBPVN,61.55334167792171
1036,TitleBGCH2,49.6904010183342
1037,TitleD338P,53.556960264966236
1038,TitleESWIC,50.52779559037785
1039,TitleHJOQV,53.55458140620219
1040,TitleOU3NF,54.630123349095314
1041,TitleRVK2Q,49.09586597058575
1042,Title80F7S,55.56120346520406
1043,TitleEP4N9,52.33805244202949
1044,Title92JGX,53.53293863317019
1045,TitleLKGP0,53.521474354587525
1046,Title1T6W8,48.57166019682201
1047,TitleUBYP7,43.64043497802973
1048,Title27VTQ,54.161021078351
1049,TitleUGIJV,45.534651096344035
1050,TitleK9KZ8,49.119338779411194
1051,TitleDE9J9,49.53121178009175
1052,Title9BIKV,53.66439635294475
1053,TitleL4JQC,48.414926605951564
1054,Title8X1FT,68.36794289908791
1055,Title8XQ8J,52.33805244202949
1056,TitleHDQKC,50.31931622347642
1057,Title2NJU1,46.822869472129575
1058,TitleJSQUT,49.33011641850035
1059,TitleX0SS2,55.64348933450569
1060,TitleO64ZW,54.58015733079185
1061,TitleODYJX,55.88091435377973
1062,TitleX2GH0,44.07390277388173
1063,Title3R3GZ,49.243774280583224
1064,TitleIPLGP,49.53121178009175
1065,Title2ML34,50.31931622347642
1066,Title9IOB9,45.44371401124246
1067,Title9E343,52.33805244202949
1068,Title3RKQV,53.43978014781936
1069,TitleAEYIF,50.31931622347642
1070,Title1ZZK6,51.857288551714916
1071,Title9248W,61.91248557415055
1072,TitleOTY4L,50.269350205172884
1073,TitleNIEBG,52.65083352990834
1074,TitleJ5RYP,50.31931622347642
1075,Title58W1F,49.87449039556701
1076,TitleJW6MX,69.36045918625096
1077,Title1NU6J,49.128973022200384
1078,TitleAA8Q4,49.53121178009175
1079,Title0ZIU0,55.09142425624387
1080,TitleRWTCH,52.49807444023337
1081,TitleZMHRB,53.43978014781936
1082,TitleTWH5D,50.269350205172884
1083,TitleQ2TLG,49.72350806994882
1084,TitleITK46,49.128973022200384
1085,TitleR8ZKN,51.570313390877104
1086,Title0UAXO,50.780617130624876
1087,TitleM7ZNX,44.20134944665439
1088,TitleUT7Z4,49.128973022200384
1089,Title2GENZ,55.22361314315121
1090,TitleTOSC0,49.02451366493071
1091,TitleN3HOJ,49.128973022200384
1092,TitleA9OBP,51.69192155502809
1093,TitleX9YLI,53.010072876049605
1094,TitleRGN7H,49.128973022200384
1095,TitleQ87RT,49.722462816256254
1096,TitleG8IJX,54.57995116807564
1097,TitleQ28IV,52.97963178369838
1098,Title2B84M,50.65690654552931
1099,TitleHNM1N,49.128973022200384
1100,TitleJ7ALN,54.19205538405535
1101,Title1F9JY,44.104119480332585
1102,TitleMLWOG,53.67403059573397
1103,Title4KT4G,54.86437379700995
1104,TitleSIYFQ,53.67403059573397
1105,TitleKTRH7,49.72350806994882
1106,Title4ZEAS,54.352077382259225
1107,Title58LHK,51.570313390877104
1108,TitleCMDBW,53.67403059573397
1109,TitleB05O6,50.52800175309402
1110,Title2RBG8,67.61861829822777
1111,TitleZPMLT,54.179609227763606
1112,TitleNCT73,48.72937167498473
1113,TitleRH0CG,51.857288551714916
1114,TitleM81TL,48.72937167498473
1115,Title59KR5,49.128973022200384
1116,TitleX5F33,50.94104343257132
1117,Title177J6,59.980694414922866
1118,Title48NBL,44.53758727618458
1119,TitleAB617,52.24892732803036
1120,Title2ASW6,53.67403059573397
1121,TitleRY53W,62.21937849528963
1122,TitleDO4IN,47.5753001884528
1123,Title1IFKE,49.28899502040426
1124,TitleK6SAM,50.31931622347642
1125,TitleHHZ3W,53.3866427600518
1126,TitleZSO2H,52.24892732803036
1127,TitleK5HUB,48.60266579220152
1128,TitleQ2CQP,50.65690654552931
1129,TitleP1P2T,50.269350205172884
1130,TitleVAP78,53.43978014781936
1131,Title1ZFZP,53.55458140620219
1132,TitleLKNOQ,45.44371401124246
1133,TitleF5M2L,43.947196891098514
1134,TitleA3JWQ,49.36322347011499
1135,TitleKLE8B,49.128973022200384
1136,Title24VWF,50.553566671391025
1137,TitleY8ZBM,49.40606666039827
1138,Title9PULP,49.431404586713825
1139,Title3NPEW,51.450619826813366
1140,Title91S6N,47.5753001884528
1141,TitleLG9SG,54.86437379700995
1142,TitleXFDU5,50.31931622347642
1143,TitleAZCMZ,49.09586597058575
1144,TitleFNCL9,49.128973022200384
1145,TitleZ71MW,49.09586597058575
1146,TitleYPV5U,50.79380479234631
1147,Title0PFVJ,49.53121178009175
1148,Title2J7WR,49.53121178009175
1149,TitleF9TI2,54.32104307655487
1150,TitleAB70M,64.51030616998838
1151,TitleDCD90,49.722462816256254
1152,Title4N8HW,49.128973022200384
1153,TitleF5ZFB,62.05158524157213
1154,TitleJ2AV8,48.2863001844222
1155,TitleF5C7V,45.720372907125906
1156,Title9HEI4,50.65690654552931
1157,TitleV64ZC,50.31931622347642
1158,Title5QX7S,53.272757576629274
1159,Title7D6RK,54.161021078351
1160,TitleA6QC4,50.31931622347642
1161,Title1JMO7,52.24892732803036
1162,TitleFJD5Y,50.269350205172884
1163,Title4J8LW,49.029002457732716
1164,Title5YI5T,53.43978014781936
1165,TitleVNV55,50.31931622347642
1166,TitleCSCQX,49.24604466219441
1167,TitleAZKWI,52.09795519774053
1168,Title1AJ2I,49.128973022200384
1169,Title322DK,54.630123349095314
1170,Title9HAQC,48.414926605951564
1171,TitleRHZ7L,49.243774280583224
1172,Title0CZQQ,50.31931622347642
1173,TitleLVY1J,54.36216447465098
1174,TitleACDIX,49.09586597058575
1175,TitleHQM9M,47.5753001884528
1176,TitleX0MK0,55.369788176116785
1177,TitleV8X3S,49.09586597058575
1178,Title2EZYK,47.54219313683815
1179,TitleHHNNF,44.104119480332585
1180,TitleYOYAO,49.128973022200384
1181,TitleIQ98O,47.33520294416384
1182,TitleIHZ2E,49.24604466219441
1183,TitleZ5J52,47.854974224717
1184,TitleRGHOI,49.128973022200384
1185,TitleIAGU0,47.4952249423677
1186,Title023FO,48.25800401671749
1187,TitleVXYK8,53.711636376977495
1188,TitleOMDNT,48.45794021880974
1189,TitleCZN3X,50.31931622347642
1190,TitleOY6SX,43.54392842143814
1191,TitleR4ON4,48.93540362656415
1192,TitleWUK8H,56.538586888285096
1193,Title9CMQT,52.33805244202949
1194,TitleW3LFX,48.78886212519696
1195,Title2GITH,49.48029511010901
1196,Title19E6A,49.85021395273202
1197,TitleYOECY,49.53121178009175
1198,TitleAZSA4,49.128973022200384
1199,TitlePN4UR,53.43978014781936
1200,TitleY4YQV,49.24604466219441
1201,TitleORBJ6,67.48569753604026
1202,TitleYD7LT,53.40667309620473
1203,Title8SL16,48.60266579220152
1204,TitleXI1UQ,47.07310165587273
1205,TitleL581I,53.43978014781936
1206,TitleH91AX,47.313198900161694
1207,TitleLKVIM,65.80598120963575
1208,TitleWAUBR,49.24604466219441
1209,TitleUHMTR,47.735322186656674
1210,TitleZUF5M,53.43978014781936
1211,TitleJ9J8L,49.36322347011499
1212,TitleDYYCE,49.74208421835752
1213,Title8N7XI,54.58015733079185
1214,TitleAWLB2,49.42930313047867
1215,TitleXXJ1K,49.128973022200384
1216,TitleZF0SP,49.128973022200384
1217,TitleWZ08A,56.55973445364927
1218,TitleRHL71,49.02451366493071
1219,TitleTYKX4,50.31931622347642
1220,TitleD3RDH,52.92876934263256
1221,TitleDXUPU,44.218920738715426
1222,Title5L2C4,54.86437379700995
1223,TitleSBS1A,61.392178976112845
1224,TitleQO1HA,48.33123433602651
1225,TitleF1GCQ,48.78886212519696
1226,TitleN9TKA,62.808084488369175
1227,TitleO08LI,49.128973022200384
1228,TitleKDNOY,50.553566671391025
1229,TitleAIU0F,49.243774280583224
1230,TitleIFVXB,44.291620786303355
1231,TitleT5EG9,49.87449039556701
1232,TitleYOP1K,53.43978014781936
1233,Title2QY9H,47.5753001884528
1234,TitleAEVPT,51.12676524335319
1235,TitleAAW85,48.51215657227337
1236,Title6NA9A,50.780617130624876
1237,TitleY8YY5,44.39352943591642
1238,Title0UG9L,48.60266579220152
1239,Title1ID54,49.09586597058575
1240,TitleSMXVA,60.595114954856044
1241,TitleIZDBA,50.2691440424567
1242,Title975KB,52.61772647829369
1243,TitleECHPD,47.5753001884528
1244,TitleOBCLV,52.33805244202949
1245,Title68J6T,49.36322347011499
1246,Title4S2QY,46.842534991803106
1247,Title5JGSD,49.28899502040426
1248,TitleALTXY,49.243774280583224
1249,TitleCWGFU,53.55458140620219
1250,TitlePHHD0,50.26578806231343
1251,TitleKWFTK,49.09586597058575
1252,Title475DZ,51.2966122324881
1253,TitleMTJM7,53.43978014781936
1254,TitlePF61Z,49.85021395273202
1255,TitleBJ2ER,49.86880210214463
1256,Title50LYV,49.27936077761507
1257,TitleH3HUJ,48.78391250467895
1258,Title7IMHP,54.39527152626562
1259,TitleCMKW1,49.128973022200384
1260,Title933SF,49.745673427654594
1261,Title7YS1E,86.25089474122716
1262,Title7EGA7,49.243774280583224
1263,TitleLA7DV,45.57384486646271
1264,TitleDL0DO,49.128973022200384
1265,Title3NZJ5,47.5753001884528
1266,TitleZGOLB,49.128973022200384
1267,TitleLMEVA,49.128973022200384
1268,TitleFP0TV,49.766893452531576
1269,TitleFMIE8,53.67403059573397
1270,TitleJJHXW,54.18529752118597
1271,TitleTVRI1,44.33203286482281
1272,Title3XYTX,51.33268220888682
1273,TitleRE4WS,56.08316443293715
1274,Title3QVNA,51.570313390877104
1275,TitleCUD6G,53.43978014781936
1276,Title1Z5EF,53.43978014781936
1277,TitleEMZJH,44.104119480332585
1278,TitleMIMHZ,49.09586597058575
1279,TitleE3N7P,49.49244100492005
1280,Title9CD16,49.766893452531576
1281,TitleDOTV0,42.550446646585
1282,TitleS7YMO,53.43978014781936
1283,TitleH9SN9,50.65690654552931
1284,TitleYPB2B,50.65690654552931
1285,Title0XTGZ,51.570313390877104
1286,TitleHR7DD,49.85021395273202
1287,TitleCQ4UW,49.243774280583224
1288,TitleZFYTR,55.127735669352035
1289,TitlePW097,54.79014534729917
1290,Title6U3HV,47.5753001884528
1291,TitleB1B6J,53.43978014781936
1292,Title3UAB7,52.33805244202949
1293,TitleY3U4X,47.5753001884528
1294,TitleEXMHJ,53.67403059573397
1295,TitleZSF9E,50.553566671391025
1296,Title6Y3XE,49.06210950934738
1297,Title7QMJP,53.43978014781936
1298,TitleU9T6A,53.43978014781936
1299,Title9WJB9,61.392178976112845
1300,TitleF0ADH,54.79014534729917
1301,TitleL28X4,43.84989490567496
1302,Title09SLQ,48.78391250467895
1303,TitleGLYDJ,49.85021395273202
1304,TitleQIR2V,53.43978014781936
1305,TitleD0VTL,46.04422749058607
1306,TitleT7QID,54.034315195567785
1307,TitleNGUQY,49.119338779411194
1308,TitleG86YF,49.128973022200384
1309,Title23IO7,50.553566671391025
1310,TitleWQVEK,48.414926605951564
1311,TitleQPHUH,52.304945390414844
1312,TitleKP4G1,51.68825100880365
1313,Title5R18L,50.269350205172884
1314,TitleJRGCZ,52.09795519774053
1315,TitleQ9PBW,49.243774280583224
1316,TitleROHOK,49.128973022200384
1317,TitleXNCK8,48.72937167498473
1318,TitleP6VI0,53.84201890571072
1319,TitleRV2GZ,50.31931622347642
1320,TitleI0P27,51.33268220888682
1321,TitleMM4KT,50.65690654552931
1322,TitleB9XZ4,50.891156993443914
1323,TitleJBD8E,54.630123349095314
1324,TitleO5VGC,54.12869255778081
1325,TitleX32XH,48.79420801138953
1326,Title1U11U,49.128973022200384
1327,TitleLML3B,47.88808127633165
1328,TitleO00RJ,50.0400563410287
1329,TitleSN96Y,67.78822271200319
1330,TitleKA948,50.31931622347642
1331,TitleCVPNF,47.5753001884528
1332,TitleFWMH1,48.79420801138953
1333,Title2PTU0,48.60266579220152
1334,TitleN7CXE,48.79420801138953
1335,TitleH6PYI,60.44047356755026
1336,Title1WBHS,54.58015733079185
1337,Title9BDFO,52.33805244202949
1338,Title2RE9J,49.712828573467064
1339,TitleO3Q5A,49.36322347011499
1340,TitleDRRFS,48.88939367318861
1341,Title5KQ3S,53.243059600032154
1342,Title48Y85,48.414926605951564
1343,Title59YN5,49.42930313047867
1344,TitleEMYF9,47.735322186656674
1345,TitleC5GU4,49.42930313047867
1346,Title4VATZ,49.33011641850035
1347,Title7NA9H,48.78886212519696
1348,Title92PQJ,50.31931622347642
1349,TitleW302Q,54.161021078351
1350,TitleD00ZR,51.68804484608745
1351,Title70LI7,49.128973022200384
1352,Title2QB21,49.69282562433115
1353,TitleNUPWA,49.85021395273202
1354,Title5E9TK,49.128973022200384
1355,TitleBQICI,48.78886212519696
1356,TitleMKTT7,50.31931622347642
1357,Title53X6Z,53.10633766648158
1358,TitleT3R1J,50.780617130624876
1359,TitleQ3FS0,43.33789646985872
1360,TitleURBH7,50.65690654552931
1361,TitleJLPX0,49.24604466219441
1362,TitleSM0HS,53.59980214602324
1363,TitleJ2GWX,53.37291663496633
1364,TitleNAF56,53.55685178781336
1365,TitleY5HE7,52.24892732803036
1366,TitleBJ7S9,45.57384486646271
1367,TitleG2N7R,47.735322186656674
1368,TitleOFK5C,53.49212392856141
1369,TitleII03Y,53.84201890571072
1370,Title0K217,49.58363498424731
1371,Title0K59O,51.570313390877104
1372,Title8NITG,54.19205538405535
1373,TitleKVY3W,50.269350205172884
1374,Title6CDRU,47.54219313683815
1375,TitleCER71,49.42930313047867
1376,TitleSVC9G,49.243774280583224
1377,Title33K91,49.86880210214463
1378,TitleTZXYI,49.243774280583224
1379,TitleU5X9V,45.181633879301074
1380,TitleGVZWF,51.857288551714916
1381,TitleDMING,53.55458140620219
1382,TitleKLOX9,54.352077382259225
1383,TitleFR2ZC,48.49125633423037
1384,TitleN3TYW,53.55458140620219
1385,TitleVS1Y6,47.5753001884528
1386,TitleHJOH7,51.07196792978017
1387,TitleD9TXZ,47.5753001884528
1388,Title9EPDE,52.304945390414844
1389,TitleRKYAC,49.24604466219441
1390,TitleLMZ1H,59.51306432559559
1391,TitleLDSLR,50.269350205172884
1392,TitleBMT80,63.24405099717397
1393,Title5E40D,50.31931622347642
1394,TitleDVNA5,50.269350205172884
1395,TitleH21KX,42.550446646585
1396,Title6EWP1,56.91897379979055
1397,Title0FQTT,49.06210950934738
1398,Title3QXI9,61.97635360900516
1399,TitleVEJGJ,56.31741488085176
1400,Title982EA,56.08316443293715
1401,Title00Z6Y,63.82346148910173
1402,TitleRJK37,54.81032534274735
1403,Title7M9YB,47.5753001884528
1404,TitleX21QG,49.42930313047867
1405,TitleP1LW9,53.89444210986622
1406,TitleWH5JN,49.09586597058575
1407,TitleMDJBN,52.46496738861872
1408,Title0AM7W,44.218920738715426
1409,TitleON9VQ,56.08316443293715
1410,Title1M5HJ,67.22731296050036
1411,TitleGAIPV,54.161021078351
1412,TitlePU8YK,54.58015733079185
1413,TitleT48HB,50.23372974170826
1414,TitleRFQM2,49.68935576464162
1415,TitleSYGAW,49.128973022200384
1416,TitleBH0VD,50.780617130624876
1417,TitleWF5UF,50.4831251607026
1418,TitleG4KL3,49.128973022200384
1419,Title88KT3,48.90229657494949
1420,Title0YJOF,44.218920738715426
1421,Title44M2Y,50.01023595093589
1422,Title2SQHX,49.36322347011499
1423,TitleNBDFJ,50.553566671391025
1424,TitleE01MZ,49.128973022200384
1425,TitleDO9SK,49.36322347011499
1426,TitleYYTTB,53.40667309620473
1427,TitleUO38W,49.85021395273202
1428,TitleCB4WC,52.24892732803036
1429,TitleCY39N,54.18529752118597
1430,Title4T9TO,54.58015733079185
1431,Title8POD5,47.5753001884528
1432,TitleHK0BF,48.72937167498473
1433,TitleDNSAF,50.2691440424567
1434,TitleYGX7S,50.269350205172884
1435,TitleH0QO0,53.43978014781936
1436,TitleA8V1T,47.74639072713215
1437,TitleWKEZP,49.24604466219441
1438,Title6DUW5,53.43978014781936
1439,TitleNC7PU,59.04616705273041
1440,Title8PB1R,54.58015733079185
1441,TitleTIE51,52.33805244202949
1442,TitleY8A1C,48.62389050647509
1443,Title6K5J4,49.21066722896856
1444,TitleNB01M,47.51915329635729
1445,TitleNJJ4A,50.31931622347642
1446,TitleYB0J7,62.20596907677496
1447,TitleXOHHA,49.128973022200384
1448,TitleZVMQ2,48.4472002948408
1449,Title0SZNQ,44.104119480332585
1450,TitleRQ0LY,52.61941853898169
1451,Title8F271,47.54219313683815
1452,TitleXQ1VJ,51.450619826813366
1453,TitleRY9PW,52.304945390414844
1454,TitleD2PQJ,54.967713671148175
1455,TitleW5UO5,49.36322347011499
1456,TitleOXCQI,48.60266579220152
1457,Title5FVH9,61.15792852819823
1458,TitleDAP2Q,49.403796278787084
1459,Title8UT4U,49.456929101464084
1460,TitleZ57ZP,50.553566671391025
1461,TitlePL2LF,49.42930313047867
1462,TitleS6JJC,53.43978014781936
1463,TitleM4TAB,49.128973022200384
1464,Title1RN6T,50.95403031185366
1465,TitleI86XF,53.10633766648158
1466,TitleTYSUA,53.42490849599042
1467,TitleUG3QH,49.36322347011499
1468,TitleI4O1J,47.30209589254919
1469,Title7NIO5,48.79420801138953
1470,TitleZ3MF1,50.2691440424567
1471,TitleX3IV6,49.957758517863425
1472,TitleNOCNZ,52.24892732803036
1473,TitlePCY3C,47.54219313683815
1474,TitleKZ7TL,53.84201890571072
1475,TitleH5282,50.269350205172884
1476,TitleDPKCW,48.79420801138953
1477,TitleQHFL7,54.26856564348239
1478,TitleVI5LB,49.243774280583224
1479,TitleMH112,42.550446646585
1480,TitleLKN5K,54.194337193771645
1481,TitleIJ2I5,53.64092354411933
1482,Title0ZLP6,52.24892732803036
1483,Title0K4PP,65.80598120963575
1484,Title44ZW0,47.5753001884528
1485,TitleP610W,53.67403059573397
1486,TitleBN2FZ,48.60266579220152
1487,TitleIAZXQ,49.38643408151334
1488,Title2N7I0,53.332310994163606
1489,TitleEWZ0I,51.43744487499691
1490,TitleW6T9C,48.8395466925967
1491,Title2XNIX,49.24604466219441
1492,TitleHMFD3,49.243774280583224
1493,Title72UTS,49.8171069011174
1494,TitleG78PL,61.86013914914835
1495,TitleAF256,49.128973022200384
1496,TitleDPNW9,54.58015733079185
1497,Title41L4W,53.66439635294475
1498,TitleLICVD,53.40667309620473
1499,TitleN44AZ,49.24604466219441
1500,TitleDRALY,48.5864456998907
1501,TitleDMT11,49.128973022200384
1502,Title4ATTT,53.43978014781936
1503,TitleLE5PR,47.30209589254919
1504,Title50PKJ,52.33805244202949
1505,Title6XUBF,61.53238437388448
1506,TitleNISFK,53.59016790323402
1507,TitleB0IUQ,54.58015733079185
1508,Title5TADF,43.64043497802973
1509,TitleFR37S,50.31931622347642
1510,Title089DL,49.243774280583224
1511,TitleP66TX,49.28899502040426
1512,TitleACX2I,69.38575199160506
1513,TitleGIA9P,53.43978014781936
1514,Title797F9,50.780410967908665
1515,TitleAX69B,49.128973022200384
1516,Title7GLBO,50.2691440424567
1517,Title1CMC4,49.128973022200384
1518,Title9T7UA,48.48030734645545
1519,TitleMGDXO,56.19796569131999
1520,TitleZD3D5,47.5753001884528
1521,Title1H9P5,53.49212392856141
1522,TitleW2581,49.128973022200384
1523,TitleF698Q,54.161021078351
1524,TitleUPPES,49.72350806994882
1525,Title7RFRU,49.128973022200384
1526,Title47TZG,49.42930313047867
1527,TitleGDWO6,48.79420801138953
1528,TitleCP8LA,52.24892732803036
1529,TitleQ6OK6,68.46986845313698
1530,TitleHH40S,64.99732398927051
1531,Title7U4FB,45.44371401124246
1532,TitleZNY1X,52.33805244202949
1533,TitleFOX2L,51.43744487499691
1534,TitleBV2OI,56.55973445364927
1535,Title6FDM3,50.94104343257132
1536,TitleW9RRC,47.5753001884528
1537,TitleQVDQ6,49.403796278787084
1538,Title7AJXS,49.243774280583224
1539,TitlePRD8L,45.44371401124246
1540,TitleU6LVE,53.43978014781936
1541,TitleQ94KP,50.2691440424567
1542,TitleG7EA3,65.86516192552104
1543,Title23V3R,50.81692854373317
1544,TitleWH83M,56.087273776381565
1545,TitleZT7IS,53.43978014781936
1546,TitleE4LN6,54.352077382259225
1547,TitleI1NZN,84.27172738460466
1548,TitlePYUSE,49.85021395273202
1549,TitleN43XI,52.09795519774053
1550,TitleRMEXM,49.722462816256254
1551,TitleMFQKI,49.119338779411194
1552,TitleWD36X,50.269350205172884
1553,TitleL6DQ8,54.630123349095314
1554,TitleW8S9B,54.79014534729917
1555,Title7QAV0,50.31931622347642
1556,Title1BNP4,49.119338779411194
1557,TitleW7NTM,49.128973022200384
1558,Title7VCYO,47.5753001884528
1559,TitleORDFV,53.64092354411933
1560,TitleOTAI0,45.181633879301074
1561,TitleGWTKF,50.31931622347642
1562,Title6IWVE,52.65083352990834
1563,Title6037P,53.43978014781936
1564,Title49OUK,53.40667309620473
1565,Title6QU1Q,56.16809567733374
1566,TitleG8NXX,53.43978014781936
1567,TitleHGNI5,50.47933822168028
1568,TitleI15H7,40.08372898821575
1569,TitleYTG6A,49.36322347011499
1570,TitleZSJC8,62.49381642740613
1571,Title3ZGDR,49.36322347011499
1572,TitleR6M7G,49.28899502040426
1573,TitleTUZMT,49.924651466248804
1574,TitleHKIY4,49.119338779411194
1575,TitleAV8ZD,52.49807444023337
1576,TitleK1ZJK,54.967713671148175
1577,TitleMAEQD,54.15034158186921
1578,TitleVPKN4,65.8126904839789
1579,Title2IRBG,44.31615070503723
1580,TitleB5F4T,39.679043095236096
1581,TitleZ9EFX,47.54219313683815
1582,Title6ZEKF,52.33805244202949
1583,Title07DWS,49.33011641850035
1584,TitleU4JDP,51.68825100880365
1585,Title6SHHD,49.42930313047867
1586,TitleHBWI9,49.243774280583224
1587,TitleGAIRZ,49.28899502040426
1588,TitleIG32W,52.64204146164549
1589,Title12SLE,66.08161964517791
1590,TitlePGD0X,51.78871160759044
1591,Title05KWT,68.14016212279171
1592,TitleCVXCO,54.967713671148175
1593,Title6N8EC,47.5753001884528
1594,TitleIFI2W,44.104119480332585
1595,TitleRNZAN,53.59980214602324
1596,TitleSTP0N,53.84201890571072
1597,Title353HB,48.79420801138953
1598,Title6E9CF,50.47933822168028
1599,TitleR3L72,48.44632218262606
1600,TitleD2CSJ,50.65690654552931
1601,TitleW9RDL,53.43978014781936
1602,TitleR205P,50.79380479234631
1603,TitleCT4IC,49.85021395273202
1604,TitlePGH8X,50.65690654552931
1605,TitleDM68Z,49.243774280583224
1606,Title29DVL,50.31931622347642
1607,TitleS90MD,47.5753001884528
1608,Title2MII0,50.269350205172884
1609,TitleUNRSP,47.45966284614505
1610,TitleN3WKB,49.36322347011499
1611,TitleV2E67,53.55458140620219
1612,TitleFKWIR,51.450619826813366
1613,TitleIK899,49.33011641850035
1614,TitleV2CTC,52.33805244202949
1615,Title34J4I,49.09586597058575
1616,TitleUVKGI,49.75452113686144
1617,Title92X93,50.47933822168028
1618,Title5YS9U,44.45873874760602
1619,TitleYVIJW,53.652145926765286
1620,TitleF7578,48.78886212519696
1621,TitleUH8ZZ,51.33268220888682
1622,TitleIWBQZ,48.662156242413744
1623,TitleWYPBG,61.71336367612557
1624,TitleJMIYB,49.128973022200384
1625,TitleXU1HX,44.20134944665439
1626,TitleC3Z5W,50.31931622347642
1627,TitleETMER,49.36322347011499
1628,TitleHSBKJ,53.55458140620219
1629,TitleYIQZ2,50.269350205172884
1630,TitleW1ON9,54.39527152626562
1631,TitleLP7PK,53.59980214602324
1632,Title8VA0E,50.269350205172884
1633,TitleBAWPB,57.516141139742444
1634,TitlePQ1LB,50.01023595093589
1635,Title9BRV6,53.55685178781336
1636,TitleJUKA7,53.89444210986622
1637,TitleQ65CJ,49.128973022200384
1638,TitleBOJWQ,49.128973022200384
1639,TitleU7RSC,53.33980958335168
1640,TitleOWURI,50.47933822168028
1641,TitleOE6AS,54.39527152626562
1642,TitleMBBS1,56.55973445364927
1643,TitleM1HKD,50.31931622347642
1644,TitleGAVCJ,44.33203286482281
1645,TitleE21NV,49.128973022200384
1646,TitleEN056,52.33805244202949
1647,TitleQRXCS,44.892206543458016
1648,TitlePZTC6,49.72350806994882
1649,Title5Y5W3,49.6904010183342
1650,Title4CYVQ,49.8171069011174
1651,TitleB6BI2,52.46496738861872
1652,TitleW4TC6,49.28899502040426
1653,TitleWIETD,54.161021078351
1654,TitleSKV0E,54.352077382259225
1655,Title20EBE,72.30952591397627
1656,Title6EPNM,47.702215135042024
1657,TitleWM5AJ,51.17846845184536
1658,TitleD41S4,48.79420801138953
1659,TitleZOR84,49.28899502040426
1660,TitleEABKA,50.2691440424567
1661,TitleZLB8C,53.55458140620219
1662,Title7R8KZ,43.96857181745912
1663,TitleH8FIQ,49.128973022200384
1664,TitleMKIM4,48.24732062247291
1665,TitleQM62M,54.630123349095314
1666,TitleEKK3G,60.4307469225912
1667,TitleY22DA,50.62838338859797
1668,TitleMKO4Z,49.09586597058575
1669,TitleDCVTS,50.780410967908665
1670,TitleCEYQC,49.128973022200384
1671,TitleCDBOX,54.630123349095314
1672,TitleEORA1,49.38643408151334
1673,Title2BAIR,49.128973022200384
1674,TitleT1XSZ,53.55685178781336
1675,TitleHPQPB,48.662156242413744
1676,Title876D6,49.243774280583224
1677,TitleFL87W,49.85021395273202
1678,TitleJFW2L,49.53121178009175
1679,Title6ETEZ,48.44632218262606
1680,TitleH1E78,53.21310370056847
1681,TitleQYOJJ,56.08316443293715
1682,TitleQL8HE,50.65690654552931
1683,TitleZT3Q8,53.49212392856141
1684,TitleTZWKL,49.128973022200384
1685,Title7M6WY,47.5753001884528
1686,TitleYM8T9,49.28899502040426
1687,Title785GK,50.52800175309402
1688,Title5N8TI,54.630123349095314
1689,TitleUH7N5,52.21652789785617
1690,TitleGG5O3,49.128973022200384
1691,TitleKVU1H,49.128973022200384
1692,TitleWK7OQ,45.335743895905395
1693,TitleQ8GET,49.128973022200384
1694,Title6QMQ2,49.128973022200384
1695,TitleZRLPI,49.243774280583224
1696,TitleHQOJX,49.8171069011174
1697,TitleBWVPD,49.243774280583224
1698,TitleBCHD2,47.54219313683815
1699,Title64G3U,49.09586597058575
1700,TitleW2FJH,48.78886212519696
1701,TitleVC0G9,53.521474354587525
1702,TitleP5UAW,49.42930313047867
1703,TitleNZ29W,53.43978014781936
1704,TitleJKOIP,49.53121178009175
1705,TitleJW57A,49.029002457732716
1706,TitleM9PH0,54.19205538405535
1707,Title0KKRY,48.74006995676359
1708,TitleCVUZS,52.33805244202949
1709,Title6MQXH,49.53121178009175
1710,Title63N52,49.128973022200384
1711,Title9R4QJ,59.27083419360791
1712,TitleTQAG6,50.891156993443914
1713,Title4DYBD,48.23640922154604
1714,Title0DGLT,72.99805951259435
1715,TitleEDT5D,44.218920738715426
1716,Title89EJJ,49.02451366493071
1717,TitleQRHV4,49.128973022200384
1718,TitleTL8TV,54.26856564348239
1719,TitleJ5XQU,53.243059600032154
1720,TitleXELRZ,52.33805244202949
1721,Title65YIV,56.16809567733374
1722,TitleZ56L4,48.72937167498473
1723,TitleWJU2L,53.43978014781936
1724,TitleSQI25,50.65690654552931
1725,TitleCWV72,53.55685178781336
1726,TitleHV0G3,54.529645706108255
1727,TitleEWB0E,49.36322347011499
1728,TitleG09TB,53.59980214602324
1729,TitleSXKMN,50.31931622347642
1730,TitleK6ZPA,53.59980214602324
1731,TitleGE5XP,50.269350205172884
1732,TitleYBVTC,50.553566671391025
1733,Title26GJJ,47.5753001884528
1734,TitleC8QVY,49.128973022200384
1735,Title373LX,54.86437379700995
1736,Title4BQM0,48.662156242413744
1737,TitleKIH6U,62.181035339527284
1738,TitleYNDC7,50.31931622347642
1739,TitleV26B8,52.33805244202949
1740,TitleT7E70,49.243774280583224
1741,TitleBTM08,50.68886265930742
1742,TitleED1WD,52.24892732803036
1743,TitleCTHSR,49.04215276286358
1744,TitleJYFJB,50.31931622347642
1745,TitleIK2Y3,47.67917529456116
1746,TitleAP6X5,49.243774280583224
1747,TitleIMIXB,49.841383343952344
1748,Title8AEMM,63.854039716973816
1749,TitleH9JV2,54.39527152626562
1750,TitleZRT1P,54.034315195567785
1751,Title58T6W,47.5753001884528
1752,TitleOSF13,55.09142425624387
1753,TitleKCU06,54.630123349095314
1754,TitleXY39W,50.553566671391025
1755,TitleFJW2F,51.92934657430217
1756,TitleYE2BG,53.556960264966236
1757,Title29M36,53.67403059573397
1758,TitleH04BX,50.269350205172884
1759,TitleLZ8O6,52.61941853898169
1760,Title7UF4N,49.128973022200384
1761,Title4PV8C,62.7253034485294
1762,TitleN08R7,49.128973022200384
1763,TitleTND66,49.243774280583224
1764,TitleQIO3U,47.88808127633165
1765,Title3PDJ0,49.09586597058575
1766,TitleEVNEJ,50.269350205172884
1767,Title0JXLB,50.31931622347642
1768,TitleSST1A,55.09121809352766
1769,TitleW4RI9,50.31931622347642
1770,TitleUCX3N,55.09142425624387
1771,TitleEA9MG,68.65606064825371
1772,TitleCNW0A,49.128973022200384
1773,TitleRE4FM,64.64469167705784
1774,Title2N282,50.65690654552931
1775,TitleVR7UT,52.09795519774053
1776,TitleUWZIY,50.31931622347642
1777,Title3A64B,49.36322347011499
1778,TitleRBCFJ,49.128973022200384
1779,TitleNYTFH,47.5753001884528
1780,TitleBGRFC,50.891156993443914
1781,TitleWWJ6X,49.128973022200384
1782,TitleNK350,49.28899502040426
1783,Title1N1II,44.53758727618458
1784,TitleM1UE9,50.62858955131415
1785,TitleHYQT7,48.731473131219886
1786,TitleG814W,49.09586597058575
1787,TitleB0PMY,52.65083352990834
1788,TitleBBUFI,55.881120516495926
1789,TitleG5VSK,51.43744487499691
1790,Title5RUV3,53.67403059573397
1791,TitleSEV42,54.03326994187523
1792,Title438K1,53.84201890571072
1793,TitleUZ3DI,49.128973022200384
1794,TitleHT479,53.55458140620219
1795,TitleKBBTU,47.16313766026404
1796,TitleEV9GF,52.33805244202949
1797,TitleKRMRZ,49.128973022200384
1798,TitleBB3E1,51.68825100880365
1799,TitleC6G9C,48.45794021880974
1800,TitleVBED8,51.33268220888682
1801,TitleBICN0,49.24604466219441
1802,TitleIOVVV,44.33569188213025
1803,TitleQRU5M,48.78886212519696
1804,TitleL5J9W,52.09795519774053
1805,TitleKAYDU,49.09586597058575
1806,TitleS74OE,47.51915329635729
1807,Title7X8D0,44.53758727618458
1808,Title4TXOJ,48.52972786433439
1809,TitleAI24X,44.218920738715426
1810,Title7WRG6,49.58363498424731
1811,Title2BHH1,51.68825100880365
1812,Title5Q95N,48.662156242413744
1813,Title31YAI,47.33520294416384
1814,TitleJ2D0S,53.67403059573397
1815,TitleATXPL,54.18529752118597
1816,TitleT46RS,50.01023595093589
1817,TitleX7JJE,56.26000870788113
1818,TitleS1BAY,53.55458140620219
1819,TitleAELWU,54.161021078351
1820,TitleSYDI4,48.72937167498473
1821,TitleQVPSC,49.243774280583224
1822,TitleQSNGK,45.181633879301074
1823,TitleJZOKZ,51.33268220888682
1824,TitleDJ0MS,53.36541804577821
1825,TitleMTTRN,54.967713671148175
1826,Title8E50X,49.128973022200384
1827,Title1EW9T,49.46088255921707
1828,TitleUQVUM,51.43744487499691
1829,TitleWVYG8,47.88808127633165
1830,TitleHTUKM,52.349120982504985
1831,TitleIYOUQ,48.961950451010296
1832,Title11T9M,61.78759212583631
1833,TitleBSUA5,48.79420801138953
1834,Title1QXPN,49.21066722896856
1835,Title1NYOF,44.33569188213025
1836,TitleIHHFR,53.43978014781936
1837,TitleQYFNT,47.54219313683815
1838,TitleVH335,50.31931622347642
1839,Title1PTQJ,48.23640922154604
1840,TitleQEZ5P,49.42930313047867
1841,TitleCVH6V,50.780410967908665
1842,TitleTC6OH,45.44371401124246
1843,Title6R7VX,49.128973022200384
1844,TitleMYCRA,48.93540362656415
1845,TitleITC20,55.09142425624387
1846,TitleCY245,50.084464400646624
1847,TitleO09DL,49.456929101464084
1848,TitleZQGIB,53.59980214602324
1849,TitleJS6ZB,49.53121178009175
1850,Title0GRHA,52.349120982504985
1851,TitleGQJU7,49.09586597058575
1852,Title3XO7D,49.128973022200384
1853,TitleKZCMH,56.91897379979055
1854,TitleUDKQ1,51.43744487499691
1855,TitleIPVDH,47.33520294416384
1856,TitlePF3W3,45.92628987265955
1857,TitleCLRD7,53.84201890571072
1858,Title8UJDQ,53.64092354411933
1859,Title5DNSM,49.06210950934738
1860,TitleO56F5,53.43978014781936
1861,Title2K05N,49.38643408151334
1862,TitleHQL6Q,51.857288551714916
1863,TitlePOL75,49.243774280583224
1864,TitleH149Z,53.43978014781936
1865,TitleGPKAD,47.82519733597793
1866,Title7QHF1,49.128973022200384
1867,TitleK52R1,53.43978014781936
1868,TitleGBD4N,49.243774280583224
1869,TitleUWIF4,47.8547355470571
1870,TitleK650G,53.55458140620219
1871,Title2J3RP,49.128973022200384
1872,TitleFM63F,53.89444210986622
1873,Title2H7IY,52.33805244202949
1874,Title1LVHT,49.28899502040426
1875,TitleD9415,55.60741935810705
1876,TitleI4YA3,51.43744487499691
1877,TitleZGBPH,55.09142425624387
1878,TitleEX9NJ,54.58015733079185
1879,TitleGADOR,54.18529752118597
1880,TitleA63P3,53.40667309620473
1881,Title45VUD,53.40667309620473
1882,Title5NV8S,53.04905243799891
1883,Title3V1YD,48.78886212519696
1884,TitleSALYL,46.676295865769305
1885,TitleGFAC5,50.269350205172884
1886,Title089HE,51.69192155502809
1887,TitleDL9GJ,53.43978014781936
1888,TitleUHTM4,56.55973445364927
1889,TitleT6597,49.243774280583224
1890,Title4JXJP,49.3535892273258
1891,Title10CGL,49.8171069011174
1892,TitleR230U,53.43978014781936
1893,Title0XBLE,49.128973022200384
1894,TitleRTKQ1,52.24892732803036
1895,TitleCB5C1,49.128973022200384
1896,TitleIG6QE,69.16929427194822
1897,Title3Q3HJ,50.21732212145032
1898,TitleVC5GO,48.79420801138953
1899,Title9MRRH,54.58015733079185
1900,Title6KYB0,53.43978014781936
1901,TitleNPO27,50.31931622347642
1902,Title2L8OW,49.128973022200384
1903,Title5UTR7,54.967713671148175
1904,TitleDXK1W,50.31931622347642
1905,TitleOLE7C,49.09586597058575
1906,TitleXL6Z6,49.128973022200384
1907,TitleCAA9S,49.128973022200384
1908,TitleS1Y5O,48.60266579220152
1909,TitleXMATD,45.147174335163726
1910,TitleKWA72,49.128973022200384
1911,TitleENUVN,54.630123349095314
1912,TitleBW1EW,50.47933822168028
1913,TitleHQ967,66.29600245668303
1914,TitleVGANC,49.243774280583224
1915,TitleOTR0Z,47.5753001884528
1916,TitleS7HU7,48.90229657494949
1917,TitleNQJH0,51.57010722816091
1918,Title8HXM3,49.128973022200384
1919,Title61N9H,55.83472018335674
1920,Title8FDTI,54.52949159918957
1921,Title3FCY5,50.269350205172884
1922,TitleOLVPE,47.5753001884528
1923,TitleWFDXU,49.722462816256254
1924,Title0YDK4,51.68825100880365
1925,TitleBM1J1,54.86437379700995
1926,Title4NNTJ,50.31931622347642
1927,TitleLN5S1,48.72937167498473
1928,TitleD2ASQ,52.24892732803036
1929,TitleA5VUC,49.85021395273202
1930,TitleZ9MGC,53.43978014781936
1931,TitleU5YAN,53.43978014781936
1932,TitleLEEH4,48.76268779040538
1933,Title3DN74,46.37805553368845
1934,TitleB4YP4,60.161715291238394
1935,TitleTH53P,55.127735669352035
1936,Title0RM9L,53.84201890571072
1937,TitleGRMFX,49.128973022200384
1938,TitleU4J6Y,49.61695109966796
1939,TitleHKMEL,53.43978014781936
1940,TitleSHH1C,54.152190469571295
1941,TitleKEFUI,54.630123349095314
1942,TitleWMLN5,52.33805244202949
1943,TitleOMMTU,49.38643408151334
1944,Title2Q1A9,55.84872108632182
1945,TitleMJDL6,54.58015733079185
1946,TitleILV1L,53.5666950944086
1947,TitleQMD0X,54.630123349095314
1948,TitleQ9EJZ,49.8171069011174
1949,Title3G91J,49.36322347011499
1950,Title7CL9L,50.65690654552931
1951,Title4RL5S,50.269350205172884
1952,TitleRBS9E,50.780617130624876
1953,TitleA05R3,49.58363498424731
1954,Title22SSR,48.78886212519696
1955,Title80TYK,43.51372909524652
1956,TitleA40GC,49.38643408151334
1957,TitleIRIEQ,54.50842568123129
1958,Title8NPO9,50.65690654552931
1959,TitleJZ2NF,48.45794021880974
1960,TitleSLJPK,50.553566671391025
1961,TitleNH5I5,48.662156242413744
1962,Title7O3R2,49.36322347011499
1963,TitleBIYMP,52.49807444023337
1964,TitleVZIP5,49.85021395273202
1965,TitleG7BX1,49.24604466219441
1966,TitleO6Z5U,51.17867461456157
1967,TitleWOXPP,50.780617130624876
1968,Title1S5QW,51.80793608594823
1969,TitleXFWI1,49.53121178009175
1970,TitleK6XN7,50.269350205172884
1971,TitleJNMG2,49.53121178009175
1972,Title4YBEE,49.128973022200384
1973,TitleBPK6B,49.25588796878962
1974,Title690RK,50.269350205172884
1975,TitleZNXDK,49.128973022200384
1976,TitleQPIVB,51.570313390877104
1977,TitleD4B9D,51.80793608594823
1978,TitleIUTZC,53.37291663496633
1979,TitleDXXBE,52.33805244202949
1980,TitleXEU8K,54.58015733079185
1981,Title435A8,54.58015733079185
1982,TitleEMEG7,44.31615070503723
1983,TitleIOC2Z,61.53356926959057
1984,TitleQOEH4,53.521474354587525
1985,TitleI6R8T,50.31931622347642
1986,TitleLWAMH,65.0131278632639
1987,TitleVQIJP,50.31931622347642
1988,TitleQJVOB,50.68886265930742
1989,TitleJTUG8,50.31931622347642
1990,TitlePCJK5,53.92775822528688
1991,TitleW6NUX,48.86677583954679
1992,TitleH0MK9,50.2691440424567
1993,TitleCITBB,53.67403059573397
1994,Title3TTX6,48.33123433602651
1995,TitleSNG6L,52.24892732803036
1996,Title9QPAT,54.967713671148175
1997,TitleJE4ED,50.47933822168028
1998,TitleMONPH,49.40606666039827
1999,TitleUHCL9,50.95403031185366
2000,TitleT5N6V,54.32104307655487
2001,TitleL9VTS,48.45794021880974
2002,TitleITQGT,49.06210950934738
2003,TitleYDA9K,47.5753001884528
2004,TitleVV5L7,49.85021395273202
2005,TitleZOQA6,54.362872096091365
2006,Title0R5AG,50.269350205172884
2007,Title1NE07,49.24604466219441
2008,TitleHQ1DR,54.33963122596748
2009,TitleV70ZI,53.67403059573397
2010,TitleMT4BN,49.28899502040426
2011,TitleGAVYD,49.128973022200384
2012,TitleVZFNB,54.19205538405535
2013,TitlePCTNX,49.53121178009175
2014,TitleV6H0Y,50.31931622347642
2015,Title2EI06,53.10633766648158
2016,Title1U117,50.891156993443914
2017,TitleXIDEN,49.85021395273202
2018,TitleF8RSB,49.09586597058575
2019,TitleS8K8L,48.72937167498473
2020,TitleB8JEX,48.44632218262606
2021,TitleRXSOT,49.85021395273202
2022,TitleJK7I2,49.589325128682546
2023,Title44YUQ,54.003632749950114
2024,TitleD53TZ,50.16192789507552
2025,TitlePJHNR,49.243774280583224
2026,TitleEOHQM,53.40667309620473
2027,TitleI1NT0,49.36322347011499
2028,TitleP3NUG,48.78886212519696
2029,TitleUQFC9,53.59980214602324
2030,TitleAMI78,49.42930313047867
2031,TitlePFTQR,50.65690654552931
2032,TitleR3I65,54.4727350206945
2033,TitleUQKH9,68.76117757303949
2034,TitleCR7TX,49.128973022200384
2035,TitleGNZ9A,53.59980214602324
2036,TitleC7BSE,49.128973022200384
2037,TitleSF3JL,49.128973022200384
2038,TitleXX9NB,54.5048364719342
2039,TitleR662H,54.79014534729917
2040,TitleTE3RE,49.029002457732716
2041,Title6U3L5,61.15792852819823
2042,TitleXXWWU,54.342761601500925
2043,TitleY7CAH,49.766893452531576
2044,Title2ENFB,54.58015733079185
2045,TitleH7AWM,49.72350806994882
2046,TitleGSR96,44.53758727618458
2047,TitleA974Y,52.49807444023337
2048,TitleKRD9S,49.53121178009175
2049,TitleIC1XX,50.31931622347642
2050,TitleHF4BN,54.58015733079185
2051,TitleSKPGV,48.72937167498473
2052,TitleN8ORD,51.857288551714916
2053,TitleRULS9,54.161021078351
2054,TitleX989N,52.16717543208948
2055,TitleLCQ2F,68.28888517272419
2056,TitleODWHI,44.218920738715426
2057,TitleWMB1Z,50.553566671391025
2058,TitleIAMBX,49.24604466219441
2059,TitleMW5XJ,48.414926605951564
2060,TitleUFI52,54.1489801723738
2061,TitleYNEJ5,51.796684221138165
2062,TitleTHPVI,48.731473131219886
2063,TitleXKJI4,44.45873874760602
2064,Title4FAJZ,44.218920738715426
2065,TitleL1LU4,50.31931622347642
2066,TitleT3T7L,50.643350680209906
2067,Title9PWUT,52.33805244202949
2068,TitleGPI1Y,49.766893452531576
2069,TitleJGSGL,49.42930313047867
2070,TitleJTFJF,47.58636872892829
2071,TitleQAY87,49.243774280583224
2072,TitleVZQ1Z,49.20301366907698
2073,TitleBJVZH,49.21066722896856
2074,TitleWGVF6,48.79420801138953
2075,Title84262,49.128973022200384
2076,TitleS708T,50.553566671391025
2077,Title5Y3QW,49.09586597058575
2078,TitleGJ5D5,54.86437379700995
2079,TitleG472T,50.31931622347642
2080,TitleJT36Q,49.36322347011499
2081,TitleGR2WP,49.128973022200384
2082,Title5FQID,53.59980214602324
2083,Title2D482,48.70987712557347
2084,TitleN5G1W,53.43978014781936
2085,TitleVQ2HA,42.29212349012407
2086,TitleU5Q5B,47.88808127633165
2087,TitleL6V9A,47.45966284614505
2088,Title2R8VU,53.40667309620473
2089,Title7HCNJ,64.64469167705784
2090,TitleCD5YZ,49.431404586713825
2091,Title8OKXL,49.24604466219441
2092,TitleHFQT8,49.28899502040426
