Deal_title,Success_probability
TitleAD16O,83.54820000000014
TitleOW6CR,107.3400000000001
TitleVVJQ5,64.72599999999997
TitleUS8NA,64.24199999999992
Title5VGWW,69.01799999999989
TitleE2WOK,62.10000000000008
Title8CF62,65.20400000000012
TitleF8687,62.48799999999997
TitleWNTYU,58.210000000000065
TitleXK47X,61.56399999999999
Title2QCON,61.89599999999994
TitleR9W92,60.616000000000085
TitleY5USZ,70.08999999999997
TitleY4MJP,84.97320000000015
Title1W8YF,71.93533333333333
Title9HII9,71.14099999999989
Title725I7,34.937499999999936
TitleTB8A9,73.64500000000012
Title9CM6M,58.76099999999996
Title2ATAG,57.13600000000006
TitleAKV0K,73.25099999999999
Title40AN7,43.306200000000025
TitleQC654,34.66249999999994
TitleDYIL3,63.12400000000005
TitleEX1S3,66.73000000000012
TitleAMLDL,66.8268
TitleQH7E7,61.56499999999998
TitleT52E7,64.78699999999999
TitleTGRSX,65.156
TitleNL1RF,57.5
TitleXOLYB,92.56220000000003
Title6M0R1,55.405000000000044
TitleO3EA1,74.25599999999987
TitleDOHV2,63.160999999999994
TitleBZERW,68.93999999999988
TitleGD2UX,74.58100000000012
TitleWLHM9,67.20999999999988
TitleKCOAN,60.37799999999997
TitleZLSEG,64.2439999999999
TitleIJCLT,65.5780000000001
Title6TO0C,27.80900000000001
Title6G0HX,36.202000000000034
TitleOI849,60.468000000000096
TitleFOU96,60.14299999999994
Title1JMW2,61.55800000000008
TitleEK2G5,40.88449999999999
TitleFCVZZ,61.99200000000009
TitleYWT9O,57.17600000000004
TitleONFNK,58.18099999999995
TitleYBWHO,64.0
Title0ABZU,65.66199999999992
TitleRL0H9,61.6120000000001
Title7EQFB,67.73500000000008
Title4EV1D,94.34220000000006
TitleBGKH2,106.6032000000001
TitleDTP0Z,97.44080000000011
Title11K82,66.57999999999998
Title7VF6X,69.92800000000007
TitleQU2CO,60.08800000000004
Title64YS8,68.92299999999989
TitleFIM0Q,63.78800000000001
TitleCWEHX,62.54200000000002
Title92460,66.73500000000006
TitleWJ99Y,72.6958000000001
TitleKRL1N,55.012000000000036
TitleL3YT1,61.2699999999999
Title38LJL,65.80400000000004
TitleH6EHH,94.86560000000013
Title85MTC,71.43600000000012
TitleKHY4R,64.24633333333324
TitleVSLNT,73.696
Title87H8W,71.0420000000001
TitleF6Y3O,56.78700000000004
TitleARV9A,38.49849999999995
TitleNOVXO,70.0360000000001
TitleB9BV2,68.22000000000004
TitleBJ1RG,72.60000000000012
TitleCEJAA,56.68200000000006
Title6IXFW,48.32250000000001
TitleMMMJ8,57.22999999999998
TitleS2KHC,66.72699999999995
TitleBQCK8,86.06579999999998
Title49KAE,55.270999999999894
TitleI75WO,54.69999999999995
Title89CC9,58.95199999999993
TitleQH1LB,59.87649999999994
TitleO4EZA,63.80399999999997
Title29I32,90.46480000000005
TitleQS6HG,66.93599999999996
Title3X354,104.4336000000001
Title7O1LX,71.31180000000013
TitleTL3RY,68.95499999999988
TitleGNLFA,63.8269999999999
Title2LWRP,61.94899999999996
TitleASNW8,73.39099999999989
Title17AXX,60.05349999999994
Title1ZNU8,102.7560000000001
TitleI91SM,66.95600000000005
TitleT3O89,61.557999999999936
Title7SN4U,64.27750000000007
TitleXTN7N,68.99699999999999
Title60US8,63.85699999999993
TitleHQHV8,62.168999999999926
TitleKRERU,65.2400000000001
Title2LMSH,55.02999999999994
TitleRUNZZ,32.981999999999964
TitleNWNCQ,56.1720000000001
TitleX4XVX,60.93
TitleZZ8C4,63.78999999999989
Title40VOT,60.3980000000001
TitleVJE93,64.3529999999999
TitleT6IFU,60.519999999999925
TitleJTB5C,60.700000000000074
TitleP27G5,107.3400000000001
Title9MOY9,61.656333333333414
TitleL2MIQ,68.91000000000004
Title4C0R3,63.395
Title9M68F,64.37699999999994
TitleTV4EP,61.01679999999991
TitleGRQSE,45.83150000000003
Title66KV3,74.09760000000011
TitleZGL83,60.305999999999905
TitleDXX1I,83.4504000000001
TitleJEC3R,66.38199999999999
TitleJ86PA,64.78000000000013
TitleY63E7,60.21200000000009
TitleTIZWH,57.028999999999925
Title8Q2VE,56.60850000000008
TitleU4TJJ,52.31049999999998
Title3DJSM,74.1068000000001
TitleQK0GK,59.15900000000002
Title1RJEO,100.34880000000008
TitleQLAAT,107.3400000000001
TitleE5SMZ,65.11999999999989
TitleBCI7X,103.69920000000009
TitleEJ8QG,62.426000000000116
TitleF952N,59.80000000000011
TitleTSFVY,104.78480000000009
TitleMDHHH,57.2950000000001
TitleRHKWU,64.292
Title5FQ2D,94.32960000000004
TitleC9DTF,67.66300000000007
TitleMNACX,60.42000000000007
Title3HAQN,35.270999999999965
TitleVZ77S,53.70599999999996
Title9XK7J,56.77
TitleXAZ58,63.683999999999905
Title5AVS8,95.1915000000001
Title2GZ5L,26.34999999999995
TitleQVCQO,65.67700000000005
TitleQU41K,61.12399999999989
TitleMSQ29,64.7000000000001
TitleGF3AR,29.56649999999996
TitleM1Y03,70.76899999999989
TitleO050D,68.11999999999989
TitleMY1JL,67.60700000000003
TitleHR6TI,68.4910000000001
TitleQYD01,47.46400000000001
TitleDTQVL,67.71200000000003
TitleL0TYU,67.50299999999996
TitleCBNHL,68.8989999999999
TitleKU2HW,58.446999999999974
TitleVLF3R,60.0
Title8ZAVN,62.974999999999916
TitleZQS1N,60.59400000000003
Title6RJPI,69.44000000000011
TitleFITS4,63.88399999999996
TitleH7DCS,81.93840000000012
TitleW6KGP,70.91399999999987
TitleB19A4,64.5
Title3K0H0,66.75900000000006
TitleQETZZ,73.63000000000012
TitleMMOKL,61.569000000000116
TitleVB7TN,61.41400000000009
TitleP31A3,61.97799999999991
Title84WTP,60.13399999999994
Title8O71H,66.13100000000009
TitleEOOL3,63.80800000000011
TitleSL7PN,36.65899999999995
TitleNNMNX,55.90599999999997
Title94T7J,57.1330000000001
Title5TW58,63.07999999999989
TitleFSOQQ,56.36799999999991
Title3U0Q9,70.54099999999991
Title5TU5S,61.68599999999996
TitleZ0JY8,67.69399999999992
TitleTXY8Q,67.2800000000001
TitleVFIT3,105.6704000000001
Title7U9QA,71.00733333333325
TitleYQ0XO,86.22480000000004
Title7MGIZ,87.61119999999997
Title9072O,70.56000000000009
TitlePIGTN,70.50200000000007
TitleN0MYB,67.9929999999999
TitleRIWZ8,64.17999999999991
TitleZIGTQ,87.37440000000004
TitleTW439,65.13999999999993
TitleUIT6V,73.33999999999988
TitleR6XH3,51.395500000000055
Title58R3H,61.26800000000001
TitleDEBAJ,96.12420000000009
TitleQZ64P,62.56100000000011
TitlePR1PN,63.635999999999946
Title482NU,65.664
TitleGZLAP,79.55900000000013
TitleS9B92,56.065500000000085
TitleY95FX,68.9869999999999
TitleFMC0D,58.87399999999993
TitleI0INY,29.106999999999957
Title0GAJI,67.58800000000011
Title6LA9P,99.04840000000011
TitleKILVF,68.4320000000001
TitleAITZX,66.28099999999996
TitleL6A1J,66.8184000000001
TitleCYT9J,64.95299999999992
TitleDST6L,67.12799999999999
Title6BNFS,63.09999999999989
TitleXAPT4,82.4908000000001
TitleHJ3WF,69.46400000000006
TitleNDJ2A,63.11900000000011
TitleYYGY8,74.54360000000011
TitleCVP13,63.30000000000009
TitleL7DS2,61.30199999999991
TitleVO0MI,61.24249999999994
Title1QLMW,64.96433333333327
TitleAFWVU,68.20000000000003
TitleMQGXY,55.81200000000004
TitlePS05F,63.18799999999997
TitleTBPD7,63.58200000000011
TitleSC6IH,57.54400000000004
TitleWMDY2,57.14200000000002
Title8AXHN,66.61999999999988
Title8WJ3G,68.50399999999993
TitleSYQ3F,72.60000000000012
TitleF0S76,71.48400000000008
Title23FI5,34.484499999999976
TitleYM00H,106.87660000000011
TitleV4Q21,28.007999999999953
TitleZW3VH,49.005
TitleWTD4L,70.41500000000005
TitleHGN2A,65.66599999999993
Title5NAK8,61.15500000000003
TitleAFWDD,67.16999999999989
TitleCVTAZ,96.22180000000007
Title6S2L6,73.18900000000012
TitleU7VJM,70.12000000000006
Title25JJZ,63.34999999999991
TitleU2OST,57.62700000000006
TitleZK1N8,42.389999999999944
TitlePJS42,67.30600000000008
TitleT2N5V,67.12000000000006
Title2WV7J,69.75499999999988
TitleFAB82,60.84000000000002
TitleUP3M1,63.79799999999988
TitleT2JNN,101.74480000000007
TitleCLQNO,67.09899999999989
Title9R03I,47.8975
Title07QDY,63.35600000000002
Title2IVM3,70.07639999999988
TitleVP36Q,86.7432000000001
TitleK4XJS,64.44399999999993
Title4B9AT,57.19799999999993
TitleIKWWI,53.912999999999904
TitleGIP04,64.15800000000004
Title9PWR5,35.26899999999996
TitleFPMEZ,66.99999999999989
Title2I5M7,73.257
Title9R98H,66.80099999999995
Title0NIZP,63.40499999999991
TitleWNR0U,51.190999999999924
TitleAHKSJ,60.29599999999991
TitleJQHWZ,68.973
TitleY63MM,5.77
Title7R26O,27.48249999999995
TitleERLRI,67.94399999999992
Title9DNDI,72.43400000000008
TitleN1GIT,60.12800000000009
TitleZHHGX,32.62800000000003
TitleILO9W,59.724000000000025
TitleV8J6I,38.90799999999993
Title6FUHU,65.88600000000002
TitleKU88H,64.56499999999991
TitleGWFWJ,64.78699999999999
TitleQUUJE,107.3400000000001
Title1CUT0,59.064500000000095
TitleRPEUI,58.85000000000011
TitleRWN0X,65.63899999999991
Title2TB8F,67.5
TitleJBP95,62.027000000000015
Title2EHEM,59.97000000000007
TitleJZ4ZZ,59.39
TitleUR93W,66.16000000000012
Title2EEYL,67.28199999999998
TitleQKKKC,61.74399999999996
TitleBV5KY,52.06150000000002
TitleYEHWZ,58.78600000000002
Title9GWVF,66.25600000000003
TitleLF6V7,35.86599999999995
TitleGEZF0,68.11400000000003
TitleLNVE2,45.99599999999999
TitleM0Z66,70.39999999999988
Title0Z5ME,69.61199999999994
Title72FQJ,58.558000000000064
TitleRIG9O,91.59360000000011
TitleSNRHC,58.19349999999996
TitleZYG49,23.175
TitleL7PNT,51.66750000000006
TitleR0QR3,68.1599999999999
Title853VR,48.71599999999993
TitleAHYGU,62.03500000000008
TitleUE5GI,72.00600000000006
TitleWQE72,63.415000000000084
TitleB3YJF,71.79400000000005
TitleP5WMY,66.33999999999988
TitleP1ICM,17.80299999999999
TitleKK5F9,26.34999999999995
TitleMD7B7,47.772500000000036
Title6PDLX,67.26400000000004
Title7KCK3,66.24799999999989
TitleE82ZH,68.82400000000004
TitleSOLQY,104.3552000000001
TitleCQMFZ,64.90000000000009
TitleGMHJJ,70.99499999999988
TitleY3CTI,82.5846000000001
TitleE0F81,62.33499999999995
TitleZFA8I,72.9240000000001
TitleULSDL,71.05699999999989
Title34CJS,71.89199999999995
TitleS9KBI,66.20600000000007
Title6CM5T,60.87400000000011
TitleLYI3U,38.823999999999984
Title38R86,69.61199999999995
TitleS82G6,17.170000000000005
TitleSYV81,100.14960000000006
Title9UUQ3,68.71999999999993
TitleHMB3O,57.36550000000001
TitleBC20O,67.12600000000005
TitleYXY72,63.664999999999964
TitleV507Q,95.7076000000001
TitleD1JZI,66.8199999999999
Title0MNUW,72.76800000000011
TitleKSO5Y,68.49199999999988
TitleZ5ZLQ,65.19600000000005
Title2M7AV,60.32999999999993
TitlePQYAC,63.17200000000009
TitleN5OC4,65.2844000000001
TitleG1V42,35.860499999999945
Title4M0M0,63.128000000000036
TitleQBMS6,65.36399999999992
Title2LAUA,96.96120000000002
Title0GLCX,62.213000000000086
Title72Y5L,61.41250000000007
TitleFCGPO,60.89399999999995
TitleOMYPK,62.10100000000009
TitleBZMHQ,54.43600000000003
Title3MF67,63.98800000000008
TitleJLN3N,60.149000000000086
Title881YW,62.94799999999994
TitleXH1PW,70.72200000000007
TitleKUO6X,61.65500000000008
TitleRVF5F,61.17999999999989
TitleFS6PM,69.24000000000011
TitleBLK74,65.65599999999999
Title5SA8C,66.08000000000011
TitleQRM70,71.57500000000012
TitleD8SRX,65.5899999999999
Title30J3Q,72.196
TitleHD2QJ,64.2149999999999
TitleSEOJC,63.30399999999998
TitleFWTDO,67.99800000000006
TitleTL45U,56.16199999999995
Title3CYSC,62.470000000000084
Title777LR,87.02700000000004
TitleJKMVS,63.375999999999934
Title5SU1I,59.4819999999999
Title7OAQB,10.287999999999995
Title7JR4T,17.909000000000006
TitleOK4D6,67.66999999999999
TitleVWZ8U,103.3208000000001
Title2BFXG,67.455
TitleQA2XL,68.03300000000004
TitleCRJ51,61.94000000000009
TitleA1E4X,68.05599999999993
TitleKDPSC,59.44099999999993
TitleQD7TQ,87.01720000000012
TitleTXY5O,62.39999999999992
TitleEG6MZ,71.39999999999988
TitleS8CK2,99.77160000000003
TitleXDTHO,59.79800000000007
TitleY3QME,100.0509000000001
TitleSV0GA,43.982000000000006
TitleXP7EA,66.49599999999991
TitleUUFCT,70.89450000000011
TitleFJN80,67.73399999999988
TitleNY5WX,59.3950000000001
TitleRJ1CV,56.757
TitleN40KU,70.35499999999988
Title8HF4L,68.77500000000012
TitleWTQHE,57.90000000000006
TitleJ8X0T,60.78750000000007
Title5WYGO,72.31200000000008
TitleOX8KK,61.60000000000008
TitleZPRX1,36.79749999999994
TitleGRFOA,56.42000000000005
TitleV587I,64.77200000000005
TitleKW46K,70.60000000000012
TitleZJ2K4,68.11399999999996
TitleEPO7G,69.42499999999991
Title4KC4G,69.28880000000011
TitleSQ1UX,60.51900000000005
TitleXTSXA,64.27600000000011
TitleN9D7T,65.6969999999999
Title3KSPR,75.85999999999986
TitleBSPVW,61.76799999999992
TitleIZBD7,63.52900000000009
TitleH7U28,66.25400000000012
Title1OE44,68.50120000000011
TitleVT583,61.6
TitlePLYZ7,57.79900000000002
Title5ELG8,70.49599999999992
Title6021C,70.48919999999994
TitleD6QWR,56.89999999999995
Title25DXW,67.81899999999992
TitleKQ4GN,85.6542
Title212WI,63.4520000000001
TitleBLB0L,62.27700000000004
Title7D9HI,66.86200000000008
TitleEBE82,64.02800000000005
TitleV2GHR,64.80400000000009
TitleNEB47,60.64499999999989
TitleQKO2E,54.512499999999974
TitleC1EPZ,68.36400000000012
TitleW7GAO,66.56099999999999
Title4KKQU,59.34599999999994
Title62W3F,64.21599999999998
Title5P4GX,80.18519999999998
TitleXKYVF,107.3400000000001
Title5P66J,63.113000000000085
Title1EE9R,96.79680000000008
TitleXVCR2,17.2915
TitleK44RW,57.550000000000054
TitleDWYFP,63.151499999999906
Title35K93,30.32499999999995
TitleD6C58,62.17199999999994
Title37QC6,71.70900000000012
TitleEJBN9,61.09399999999998
TitleID60J,44.80900000000003
Title5ZBJ5,57.951999999999956
TitlePCO6B,69.2319999999999
TitleM8580,73.42399999999995
TitleIAQL1,69.86000000000011
TitleWLCXK,66.13700000000009
Title5NO46,68.61399999999999
TitleAI3PE,38.24799999999998
TitlePCQZJ,64.72400000000006
TitleHMKTR,66.96200000000005
Title68F6W,73.52580000000013
Title2SOBE,60.91200000000007
Title6QIWC,59.83900000000003
TitleWO5WW,107.3400000000001
TitleJ6LKX,60.916000000000004
TitleEEWU5,55.52999999999991
TitleAX85X,52.374500000000005
Title443L5,66.74499999999988
TitleQC1J3,69.80000000000013
TitleNUPCU,57.96099999999995
TitleGUX97,64.51099999999991
Title5I6VM,68.334
Title728I0,66.24400000000006
Title96ZGF,63.02100000000006
TitleLU0NA,62.843999999999916
TitleEMAGD,54.65600000000008
Title9H3O7,29.433499999999963
TitleM3CS3,59.52199999999997
TitleP597Y,77.15160000000013
Title01DZ1,69.20500000000003
TitleLNNSR,63.67199999999999
TitleHOIHH,62.94199999999998
TitleGBS9Q,67.55500000000005
Title30FYE,65.4799999999999
Title2SUCH,99.63360000000007
TitleE9XI2,66.30200000000002
TitleDA82X,67.5320000000001
TitleYW8HR,68.3880000000001
TitleJN6AI,62.12200000000009
TitleH2MWB,62.532
TitleYQVSH,56.09999999999994
TitleQRZJP,67.2920000000001
Title24RUL,98.2320000000001
TitleCRE6X,84.8012
TitleR43PJ,63.443999999999896
TitleP2K1E,53.76250000000004
TitleAOBGF,69.91100000000012
TitleHBYUY,59.72000000000003
TitleEVCML,39.39199999999996
TitleZFAPT,34.81299999999997
TitleYIUI7,60.32799999999991
Title1FPQK,67.1000000000001
TitleUJWBW,63.16800000000006
TitleBJYR7,69.77200000000012
Title8JTF1,70.47199999999997
TitleTZA49,54.511999999999915
TitleT1B7R,61.70799999999993
TitleAM3CB,65.4099999999999
TitleWO5ED,62.68750000000012
Title2TMWH,100.86080000000011
Title06VRW,66.15599999999996
TitleYV0UP,64.23350000000009
TitleO4V34,79.94080000000012
TitleFKSK0,62.13
TitleNEH76,64.95999999999991
TitleAVXZC,88.0064
TitleV60DG,64.67199999999991
TitleUTZ31,60.636000000000095
TitleC2PWK,53.886600000000044
TitleE4HGA,106.0398000000001
TitleS3ZB0,73.14400000000002
TitleIP9KH,62.85000000000008
TitleCGSRD,68.55999999999989
Title5QXSN,68.92499999999988
Title5Y2T3,61.85199999999998
TitleWD6V4,62.966000000000015
TitleXFC6B,62.56300000000002
TitleG41PJ,28.195999999999948
Title8I7VJ,52.959999999999944
TitleCIF2Z,46.24999999999997
Title3V4QG,64.097
Title73XMP,93.93560000000012
TitleQLI7E,57.30000000000006
TitleQ7I7W,72.36000000000013
TitleJ4DQW,63.05399999999989
TitleKSVLN,70.27500000000012
Title6MJU4,59.14499999999999
TitleAYMCE,56.66800000000005
Title043KJ,29.52999999999995
TitleS0GE1,59.82300000000003
TitleZNARU,64.6500000000001
Title2PJZB,59.024999999999935
TitleP0GZJ,60.79600000000009
Title38AOP,33.84549999999997
Title2FI5G,94.06080000000011
TitleYMGMA,67.89000000000004
TitleAWKNH,57.27099999999994
Title5UDJC,67.79199999999997
Title8O4SI,67.28000000000011
TitleQAJYO,58.14999999999993
TitleV0DBN,64.25199999999994
TitleVZPED,63.66400000000011
TitleO1AYG,68.64799999999994
Title5P39E,64.6000000000001
Title108RD,60.65899999999998
Title1HV11,58.36000000000006
TitleREAXR,59.73599999999992
TitleYHGTP,62.82000000000004
Title1FBD5,86.55380000000005
TitleXIV7E,65.94800000000009
TitleHBD7W,66.34
TitleSNRI6,64.85699999999993
TitleJNM2W,75.19200000000012
TitleLT4SL,68.11399999999995
TitleAXAZF,58.09799999999992
TitleZWBNC,65.24800000000006
TitleQJ4WL,97.95480000000006
TitleCR7DT,103.3528000000001
Title3NIBO,62.82599999999993
TitleZL24H,61.431
TitleFQSKJ,92.31360000000014
TitleBNU2C,90.55280000000008
TitleKD877,57.731999999999914
TitleFQJXF,67.08399999999997
Title64GLO,52.59100000000003
TitleMSE5Y,92.23140000000012
TitleQZ49S,56.96799999999997
TitleJ4L5V,68.91099999999999
TitleFNW5B,61.992000000000104
TitleF9B29,106.8756000000001
TitleS1YFA,100.29480000000011
TitleHRIXA,74.81600000000005
TitleQ6MXK,62.86799999999996
TitleSUBDW,55.73700000000005
Title83RZD,98.45200000000004
TitleUZ1WK,72.20400000000012
TitleFXCG1,65.56999999999992
TitleGB31Y,63.47199999999999
Title4V7DH,68.17599999999997
TitleXKJOO,63.65999999999989
TitleL4PKX,68.10000000000011
TitleXJ4U2,68.31999999999992
TitleF5WUU,68.91000000000012
TitleCXS2J,62.175999999999895
Title3E422,68.20000000000012
TitleSA53I,96.33000000000007
Title4TW3L,72.2784000000001
Title2JPQN,70.7699999999999
TitleVGL10,59.14799999999993
TitleC0Z97,92.78860000000003
TitleZWGTT,62.46000000000011
TitleHRY59,68.61800000000008
TitleCA0PS,61.23199999999999
Title92JV6,34.56249999999994
Title921U4,61.063999999999986
TitleEE9YB,65.08400000000002
TitleUXYL0,105.11800000000008
TitleU6AP7,95.28240000000012
TitleEMRKZ,40.48749999999993
TitleIR8CL,60.36580000000006
TitleDR4D4,68.81799999999996
TitleI7MHB,56.34799999999993
TitleJYDUH,64.02600000000002
TitleOOHW2,70.89399999999988
TitleAA0K2,58.11600000000008
TitleQI6S3,64.62799999999994
TitleEN5WF,69.56159999999991
TitleASAWY,87.48119999999999
Title0XG83,57.07799999999993
Title7R23W,101.95280000000008
TitleWHX4L,68.54199999999996
Title1ER2Y,69.57920000000011
Title9VTVJ,71.15300000000012
TitleWRVN0,18.60599999999999
TitleN0LUE,70.90000000000005
TitleYXVMN,71.23000000000012
TitleQ0LPL,64.75
Title56GMA,62.869500000000016
TitleLI03A,67.26799999999994
TitleWZ253,71.0879999999999
TitleLXK51,91.95190000000011
TitleDGNUU,57.17099999999989
TitleMQ41O,55.37999999999997
Title25ZKS,63.895999999999894
TitleNR8HN,64.60400000000011
TitleCPVCW,71.30999999999989
Title8KABP,63.19999999999991
TitleIMHXK,30.682999999999957
Title7HHOZ,67.65266666666663
TitleMGECQ,69.47099999999989
TitleOQU6Q,64.73600000000002
Title3T8Q8,36.86100000000003
TitleH4R55,58.31900000000003
TitleJ69RU,69.00000000000011
TitleC7RYX,78.19400000000003
TitleURF8X,82.1736
TitleJLQ0Y,28.317499999999946
TitleSZL62,34.126999999999946
TitleKP3U7,37.80149999999999
TitleTRE3S,56.835999999999906
TitleN6F2A,87.81840000000004
Title4LFA1,52.42750000000004
TitleNU02U,70.70200000000008
TitleZFXCP,98.36520000000012
TitleMMAZY,62.87600000000002
TitleYNGW5,92.76180000000011
TitleMMDN8,36.01249999999995
TitleJJOCR,58.24999999999999
TitleISH2D,61.22500000000007
Title6OWJL,72.80000000000013
TitleJE4O9,62.50800000000002
Title3Q4OR,60.58399999999994
TitleH0UQK,65.8310000000001
Title5LQOQ,66.06600000000007
TitlePN59V,60.74299999999996
TitleAIMZ4,57.11800000000006
TitleR0HQW,68.13600000000002
Title86L33,79.2327999999999
TitleN7R4T,59.28200000000001
TitleMAO9L,71.20199999999998
TitleY6XA5,70.10999999999989
TitleI8ERD,67.01599999999993
TitleUJYEL,67.3110000000001
TitleKYSRZ,67.56299999999995
Title7RZD6,63.73899999999991
TitleOVNNA,39.206000000000046
TitleXCW6I,76.60559999999991
TitleC700S,65.24000000000011
TitleTV7P4,76.05599999999995
TitleRQ5OT,70.24299999999998
TitleU6ACG,69.64399999999989
TitleP1WHY,69.1570000000001
TitleAJ8XX,75.61999999999986
TitleX99W6,65.82400000000001
TitleY1SAV,45.835999999999984
TitleID0JM,59.65600000000002
TitleLFI9R,68.06499999999988
TitleQ7FOO,69.39000000000011
TitleYLBWY,62.63500000000008
Title8SPUR,105.37840000000011
Title9HRQL,57.39999999999995
TitleUHPKX,30.546499999999956
TitleBLUPD,65.5199999999999
TitleS73N4,63.247999999999905
TitleLHPZC,64.22399999999989
TitleKXZVP,72.74799999999999
TitleQ8ZJ5,68.24199999999988
TitleVQ58V,57.95200000000008
TitleRCGOM,67.61600000000011
Title205FL,66.5279999999999
TitleQ0JJA,56.943000000000055
TitleNKJ1P,62.56400000000004
TitleDL5RK,69.01999999999988
TitleDXHHB,60.31999999999996
Title1HO0Y,68.56800000000004
TitleR0GBY,33.06249999999994
TitleGW5DY,71.67200000000001
TitleZ6KT9,63.32500000000011
TitleA5BKG,73.10400000000011
TitlePSZTQ,71.96999999999989
Title3VAP1,61.07999999999993
TitleULTS1,63.899999999999906
Title280ZR,66.44999999999996
TitleW4DV8,31.20939999999995
Title0GAD5,62.47000000000005
Title1N8A6,54.57199999999995
TitleFLH8A,67.89199999999995
TitleH23CM,59.412000000000056
TitleT269F,64.79
TitleR5U46,106.4412000000001
TitleZEREP,67.46499999999989
Title7HJF4,59.05900000000006
Title8PQZL,63.00999999999993
TitleEGIZM,35.327499999999944
Title408P2,62.6480000000001
Title8GRU3,68.53499999999994
TitleW1T1J,64.27399999999996
TitleJISI6,64.0320000000001
TitlePCZK5,17.358499999999985
TitleR6W9K,69.40400000000014
TitleS398A,64.29360000000001
Title3O3Z7,67.4899999999999
Title76D08,70.30000000000013
TitleNXYVG,67.0400000000001
Title1ZANJ,0.536
TitleY3W82,42.38099999999996
TitleY7YHY,66.79699999999993
TitleXX8MH,66.98800000000003
TitleUO1RJ,66.78600000000009
TitleW91AR,71.76799999999987
TitleXTQNO,58.41499999999994
TitleKY5CH,107.3400000000001
TitleK5PA7,65.6881999999999
TitleMNYZG,63.09499999999989
TitleFZWCL,64.92000000000012
TitleRTETD,66.18400000000005
TitleRM0AT,64.60500000000005
TitleF2I93,34.48749999999994
TitleCGK0T,62.769
TitleLDY20,66.24800000000002
TitleG7ASQ,61.22399999999997
TitleQ0LC9,61.34599999999997
Title6F1QJ,66.76600000000005
TitleNV8HX,62.50500000000011
Title5RB1Y,94.90500000000011
TitleZFZU0,29.894999999999953
TitleSV3V8,70.29799999999992
TitleQ0D4D,101.4776000000001
Title1N86W,63.38600000000004
Title96N3Z,64.17999999999998
TitleM1RQ5,61.65799999999993
TitleFZ9P9,92.88960000000009
Title5TEF6,59.33600000000011
Title2JDEQ,74.17700000000002
TitleDT2SJ,43.762400000000014
TitleUH7UE,94.76160000000002
TitleX8GD0,55.38800000000004
Title39FPS,66.5999999999999
Title41VTG,63.47399999999989
TitleGM3Q4,73.1799999999999
TitleJG6EE,31.70799999999995
TitleB59S5,59.53650000000002
TitleM5YGV,60.00400000000003
TitleRDY6Q,56.452000000000055
Title2DZSU,72.98399999999991
TitleQ6AE6,62.04
TitleXF7WO,50.56899999999995
TitleQUNLH,63.455999999999904
Title3XAGQ,98.3868000000001
TitleTJYTM,65.93299999999995
TitleMXYD9,71.22
TitleZVEUN,66.8759999999999
Title6I28C,69.83500000000005
TitleJVPCM,93.77520000000011
TitleKMH84,97.65760000000013
TitleUZH7Y,70.10999999999999
TitleJT4D6,62.535999999999994
TitleO6I2Z,58.18700000000007
TitleKJW77,61.27200000000008
TitleIS8WY,58.8460000000001
TitleDBU52,59.26000000000006
TitleX53DD,60.51500000000006
Title2U4U7,50.56899999999996
TitleFIMG6,64.655
Title84QHN,70.90000000000005
TitleL1CUK,72.14099999999989
TitleCKTYO,65.55000000000013
TitleA3J06,87.37079999999997
TitleSA5JQ,65.16399999999999
TitleVTIQ0,64.93000000000008
Title20LYN,48.58350000000005
TitleLYJHC,72.3529999999999
Title79OW9,61.30000000000008
TitleVDS21,66.96800000000009
TitleL2JEW,57.14799999999989
Title91TMK,62.9949999999999
TitleNQ6UW,100.7438000000001
TitleFZGVV,104.7780000000001
TitleRJCDZ,61.61999999999992
TitleHHBDW,47.07199999999996
TitleSRVI6,70.25299999999989
TitleBKT65,66.37800000000003
TitleVG340,80.10160000000002
TitleJ7HCY,65.4019999999999
TitleZ96R8,62.3150000000001
Title4WUD8,64.08000000000004
Title2BP97,65.2599999999999
TitleD1HSV,65.8999999999999
TitleC2UUJ,62.91999999999991
Title9G7Z7,66.29599999999989
TitleI1KEN,63.52800000000002
TitleKPLT4,66.19100000000012
Title4ZWP5,60.20300000000002
TitleBS0WL,61.804
TitleKKWCA,68.38499999999988
Title0FU5S,64.28400000000002
TitleE0KRJ,41.52999999999998
TitleVVRFD,71.0789999999999
TitleHT658,71.91799999999988
Title852B3,66.03200000000011
TitleUXIF0,68.50799999999994
Title9JWRB,79.80340000000011
Title8UR96,68.97300000000013
TitleZ7KJ0,29.285
Title8FJ5H,58.069999999999936
TitleHH06V,65.11200000000007
Title9I3T6,94.458
TitleF8HC1,-4.271
TitleON8DS,47.81050000000002
TitleSAZ3H,62.879999999999946
TitleDYABC,63.94800000000001
TitleW88NY,65.07200000000003
Title82CIH,61.21599999999998
TitleO56QD,67.8560000000001
Title3MLCN,64.0280000000001
Title7UY6H,57.951999999999934
TitleDNR3M,66.7999999999999
Title7B6CX,65.816
Title07MM6,73.43999999999988
TitleI9IAV,67.08000000000004
TitleYK4LF,94.72080000000011
TitleBQUYG,57.63200000000004
TitleRV8BW,58.72799999999992
Title5ITDB,65.37100000000001
TitleW76GX,66.28399999999989
TitleB729Z,75.63840000000003
Title6YTWX,66.64999999999988
TitleQ8BFC,39.35649999999994
TitleV27SW,68.62000000000002
TitleLDP9Z,72.51200000000011
Title54BZJ,56.56550000000009
TitleK9D3B,65.34999999999992
TitleAAQG7,74.9
Title2WVH7,60.04599999999996
TitleQMG6A,64.34000000000009
TitleOHTAM,34.871999999999964
TitleV03GG,63.80000000000011
TitleWSZ3T,71.9320000000001
TitleAVXHK,58.52500000000006
TitleVTXCA,69.96000000000012
Title7941F,66.24800000000006
TitleT93VF,63.124000000000045
TitleED8J4,71.86600000000011
TitleBNIB0,67.7399999999999
Title8L2FQ,65.19600000000005
Title013WA,69.9880000000001
Title6U8JD,64.73600000000006
TitleIZ79K,73.2198000000001
Title5PLDW,61.66000000000002
TitleXUBFQ,57.59599999999998
TitleXQ02F,66.93200000000002
TitleA12R8,91.57600000000006
Title2CV9B,63.71
TitleU8E3D,53.41399999999993
Title9PCE2,90.77840000000003
TitleP0FXZ,58.09600000000006
TitleCFQ3K,61.576000000000114
TitleMGDZ8,62.01999999999994
TitleIG909,58.42599999999996
Title6JM16,59.48800000000005
TitleAGWZH,28.092499999999955
Title5DKVV,69.05800000000002
TitleFFUCT,67.60199999999998
TitleGV7XI,59.90000000000011
TitleZL409,69.79499999999989
Title31RSX,89.81339999999999
Title3JEMA,66.36000000000013
TitleZB5U0,59.75799999999994
TitleM109I,66.93999999999997
TitleU7WEV,62.41400000000003
TitleO3PQQ,64.02800000000006
TitleVDD91,99.84560000000009
TitleOJV2K,73.39539999999991
TitlePLWWG,107.3400000000001
TitleBCQIN,67.17500000000005
TitlePKRME,46.72000000000005
Title9IF16,69.78399999999989
TitleNFJJ0,69.43999999999988
TitleS0ZXM,69.82500000000012
TitleVHI07,52.18750000000003
TitleI6DYI,51.87450000000007
TitleZQRIZ,63.84999999999989
Title7APVX,60.89400000000003
TitleHFKTG,59.0
TitleGUFXV,84.40320000000014
TitleN3VPE,64.77600000000008
Title31RKT,67.81600000000006
TitleY0HVR,57.89199999999995
TitlePQ5SJ,55.57200000000009
TitleWJZHU,59.700000000000074
TitleM49YE,66.6479999999999
TitleUMLYA,69.04000000000003
Title9BHDG,55.777500000000046
TitleBSAAD,34.35399999999994
TitleE0CW3,70.6969999999999
Title73ZNE,67.3080000000001
TitleXZSVX,35.28999999999994
TitleTBE5E,69.84599999999993
TitleXNL80,60.47499999999995
TitleJSMS5,70.23500000000006
TitleQ9F4N,64.93999999999991
Title3PIBO,58.80000000000011
Title9NZL7,58.970000000000056
Title7IIH3,87.09250000000013
Title57ZHD,68.14049999999993
TitleM217C,70.35999999999989
TitleEDOCD,58.72299999999992
TitleMEH6X,0.46
TitleDUQ23,62.32899999999996
TitleDJKZD,52.57749999999996
TitleK3CB0,63.22
TitleQDGJS,65.55000000000011
TitleT4ZWO,66.6999999999999
TitleE38OK,80.60679999999995
TitleSQBLU,55.66250000000005
TitleLPIH0,68.85799999999989
TitleEH1XB,66.48199999999993
Title9LMWD,71.26200000000003
TitleIY4JP,100.46520000000005
Title32BHO,65.91999999999989
TitleWRFTS,69.73999999999988
Title6R8YY,65.86699999999995
TitleR4LB9,59.403999999999904
TitleE1AWV,57.700999999999894
TitleH7YB1,60.379999999999974
Title719HX,84.11999999999998
TitleESQPM,62.091999999999935
TitleOZOUT,62.737999999999914
TitleXKOLD,54.199500000000015
Title4ZA24,71.2779999999999
TitleLQHNU,76.18239999999996
TitleY9IG8,62.28999999999992
TitleT6ISM,67.95500000000004
TitleA6121,67.3360000000001
Title375P6,68.46699999999993
Title0I86K,87.92980000000003
TitleVIVN9,69.13800000000005
TitleOWJAW,80.15200000000003
TitleBBMUM,34.70049999999996
Title9VFH9,71.48200000000006
TitleR11CX,62.11000000000001
Title82DQ7,64.94
TitleIVLS7,64.352
TitleVZIVX,68.46499999999989
TitleMREEV,62.872
TitleZLTMX,63.24800000000004
Title1KYR7,60.66600000000006
TitleO0AIE,50.318000000000076
TitleBE5HO,59.46800000000007
Title85EPD,98.70060000000007
TitleUAJOX,46.979500000000044
TitleKXLZ1,68.89200000000001
Title6SVNM,100.05440000000007
TitleIJNJZ,60.834000000000024
Title9ZE5W,65.48649999999998
TitleMPJT7,37.401499999999956
Title9A9O6,106.67520000000009
TitleIU0LO,72.84900000000002
TitleVAKQY,15.327999999999992
Title2K1OA,72.85000000000012
Title72SUU,63.415999999999904
TitleH1PWT,69.08600000000003
TitleQY76J,57.976000000000084
TitleKDURS,70.26800000000013
TitleZA3HK,64.40500000000003
TitleYAU4L,61.37999999999989
TitleCYJDK,35.53849999999997
TitleKANYG,69.29800000000004
Title1HQYD,66.42200000000003
TitleZTMJJ,66.22400000000012
Title1L5SN,70.93099999999988
TitleZ5ZYD,60.37199999999993
Title6TYUI,66.72
TitleBHSPR,57.10200000000009
Title4B3IC,71.90400000000011
TitleH13PD,66.4600000000001
Title9V62Y,75.47140000000003
TitleSAMZQ,56.920999999999914
TitleQALDY,69.64699999999989
Title87TBE,100.1816000000001
TitleAWG5Y,66.50800000000002
TitleYKL1L,70.76600000000012
TitleUXOC3,65.8999999999999
TitleLRKK5,66.49600000000001
Title5IV1R,66.33699999999999
TitleRSLKR,68.77800000000003
TitleNYKLA,64.4490000000001
TitleXU29Q,64.7900000000001
TitleXWKBQ,70.82799999999989
TitleLPACI,68.83599999999994
TitleR9F1M,62.60399999999996
TitleQHTDD,67.7999999999999
Title4FRC1,65.4700000000001
TitleY1IDY,61.22
Title9RQ55,69.73999999999988
TitleZHCIX,68.16400000000013
TitleOCI7Q,69.17500000000013
TitlePN8Q4,68.64800000000012
TitleAULBR,71.44000000000011
TitleHVKUX,64.32399999999996
TitleMF27R,63.209000000000096
TitleEEMZV,26.34999999999995
Title0DBE8,86.75700000000015
TitleDKL6N,62.267999999999965
TitleK5NCL,66.19100000000003
Title6HL1Y,47.364500000000014
Title9JHMK,68.80800000000006
TitleY9SAK,64.92599999999992
TitleEL816,66.8249999999999
TitleGBPVN,67.39999999999989
TitleBGCH2,68.21699999999989
TitleD338P,56.00799999999992
TitleESWIC,62.47399999999997
TitleHJOQV,59.76399999999996
TitleOU3NF,65.25999999999989
TitleRVK2Q,62.83999999999992
Title80F7S,48.209499999999956
TitleEP4N9,67.61000000000003
Title92JGX,59.08500000000011
TitleLKGP0,50.742499999999964
Title1T6W8,72.34000000000013
TitleUBYP7,72.27500000000012
Title27VTQ,90.36480000000003
TitleUGIJV,68.09200000000013
TitleK9KZ8,61.877000000000095
TitleDE9J9,60.00799999999993
Title9BIKV,71.46799999999999
TitleL4JQC,70.70699999999988
Title8X1FT,66.40600000000003
Title8XQ8J,42.58249999999995
TitleHDQKC,65.31100000000002
Title2NJU1,85.04879999999999
TitleJSQUT,72.12699999999998
TitleX0SS2,66.3500000000001
TitleO64ZW,62.39600000000009
TitleODYJX,65.40300000000006
TitleX2GH0,57.616999999999955
Title3R3GZ,70.61600000000007
TitleIPLGP,65.56399999999996
Title2ML34,59.190000000000026
Title9IOB9,102.03900000000009
Title9E343,60.82000000000008
Title3RKQV,60.482999999999905
TitleAEYIF,63.60300000000009
Title1ZZK6,62.129999999999924
Title9248W,68.49999999999989
TitleOTY4L,44.94999999999998
TitleNIEBG,72.52800000000005
TitleJ5RYP,63.159500000000115
Title58W1F,64.42800000000011
TitleJW6MX,59.5
Title1NU6J,18.45949999999998
TitleAA8Q4,55.69100000000005
Title0ZIU0,60.432999999999964
TitleRWTCH,68.47399999999992
TitleZMHRB,62.82399999999991
TitleTWH5D,58.2027999999999
TitleQ2TLG,69.68499999999989
TitleITK46,36.36999999999994
TitleR8ZKN,64.626
Title0UAXO,62.665000000000035
TitleM7ZNX,67.60000000000012
TitleUT7Z4,59.163999999999916
Title2GENZ,95.56880000000007
TitleTOSC0,60.00599999999996
TitleN3HOJ,63.09700000000002
TitleA9OBP,70.19999999999987
TitleX9YLI,65.6799999999999
TitleRGN7H,62.02400000000003
TitleQ87RT,70.4019999999999
TitleG8IJX,26.34999999999995
TitleQ28IV,66.88999999999989
Title2B84M,99.21480000000011
TitleHNM1N,59.249999999999936
TitleJ7ALN,64.98500000000008
Title1F9JY,67.65490000000008
TitleMLWOG,44.297999999999995
Title4KT4G,66.67399999999998
TitleSIYFQ,35.258899999999954
TitleKTRH7,57.97399999999994
Title4ZEAS,49.2165
Title58LHK,64.0
TitleCMDBW,51.79499999999993
TitleB05O6,49.83710000000001
Title2RBG8,94.38160000000012
TitleZPMLT,76.67979999999987
TitleNCT73,61.82999999999992
TitleRH0CG,75.419
TitleM81TL,9.767
Title59KR5,61.986000000000104
TitleX5F33,26.70749999999995
Title177J6,67.56199999999991
Title48NBL,89.63440000000011
TitleAB617,69.18199999999987
Title2ASW6,63.491000000000014
TitleRY53W,90.15719999999999
TitleDO4IN,63.12000000000009
Title1IFKE,61.645000000000074
TitleK6SAM,61.6199999999999
TitleHHZ3W,60.260000000000076
TitleZSO2H,73.25300000000001
TitleK5HUB,70.65999999999988
TitleQ2CQP,61.758000000000045
TitleP1P2T,65.84600000000006
TitleVAP78,56.13150000000009
Title1ZFZP,63.30000000000009
TitleLKNOQ,53.055
TitleF5M2L,61.26399999999998
TitleA3JWQ,62.47399999999997
TitleKLE8B,54.98400000000005
Title24VWF,58.823999999999906
TitleY8ZBM,38.37049999999997
Title9PULP,61.32400000000003
Title3NPEW,57.61199999999997
Title91S6N,73.09999999999987
TitleLG9SG,57.783
TitleXFDU5,68.34800000000004
TitleAZCMZ,59.354
TitleFNCL9,66.98799999999997
TitleZ71MW,27.48249999999995
TitleYPV5U,58.181999999999896
Title0PFVJ,68.934
Title2J7WR,66.59000000000007
TitleF9TI2,66.41900000000001
TitleAB70M,50.72149999999994
TitleDCD90,65.1050000000001
Title4N8HW,68.7699999999999
TitleF5ZFB,66.72200000000011
TitleJ2AV8,34.655499999999975
TitleF5C7V,63.630000000000074
Title9HEI4,66.35699999999997
TitleV64ZC,74.37499999999994
Title5QX7S,94.2180000000001
Title7D6RK,98.36460000000012
TitleA6QC4,107.3400000000001
Title1JMO7,66.60399999999996
TitleFJD5Y,48.83650000000005
Title4J8LW,68.00800000000001
Title5YI5T,105.9318000000001
TitleVNV55,82.58460000000012
TitleCSCQX,66.38800000000013
TitleAZKWI,57.884000000000015
Title1AJ2I,99.7290000000001
Title322DK,61.5810000000001
Title9HAQC,96.53000000000009
TitleRHZ7L,61.93600000000006
Title0CZQQ,63.037999999999904
TitleLVY1J,76.60000000000012
TitleACDIX,59.486000000000075
TitleHQM9M,67.5100000000001
TitleX0MK0,56.65300000000008
TitleV8X3S,61.10000000000007
Title2EZYK,48.68149999999994
TitleHHNNF,64.3699999999999
TitleYOYAO,63.6054000000001
TitleIQ98O,64.89599999999997
TitleIHZ2E,69.56699999999995
TitleZ5J52,65.79800000000006
TitleRGHOI,67.78000000000007
TitleIAGU0,66.47399999999995
Title023FO,68.9320000000001
TitleVXYK8,59.73999999999998
TitleOMDNT,82.5152000000001
TitleCZN3X,93.81440000000006
TitleOY6SX,60.744000000000035
TitleR4ON4,62.71300000000009
TitleWUK8H,66.1850000000001
Title9CMQT,63.90899999999998
TitleW3LFX,105.0276000000001
Title2GITH,75.39999999999988
Title19E6A,76.54460000000006
TitleYOECY,60.48799999999997
TitleAZSA4,66.13599999999997
TitlePN4UR,67.808
TitleY4YQV,63.524000000000015
TitleORBJ6,65.62000000000002
TitleYD7LT,89.36699999999998
Title8SL16,65.36800000000002
TitleXI1UQ,65.13999999999989
TitleL581I,59.509999999999984
TitleH91AX,67.54699999999988
TitleLKVIM,58.171999999999905
TitleWAUBR,66.64100000000003
TitleUHMTR,85.98240000000011
TitleZUF5M,56.629999999999924
TitleJ9J8L,73.46999999999989
TitleDYYCE,62.30499999999989
Title8N7XI,71.05300000000011
TitleAWLB2,65.7870000000001
TitleXXJ1K,57.6110000000001
TitleZF0SP,65.4260000000001
TitleWZ08A,64.2920000000001
TitleRHL71,64.505
TitleTYKX4,73.61699999999998
TitleD3RDH,64.53200000000001
TitleDXUPU,72.8399999999999
Title5L2C4,73.42
TitleSBS1A,68.1899999999999
TitleQO1HA,58.65000000000011
TitleF1GCQ,80.08679999999993
TitleN9TKA,64.8500000000001
TitleO08LI,64.60900000000007
TitleKDNOY,79.97660000000012
TitleAIU0F,67.04900000000009
TitleIFVXB,88.4458
TitleT5EG9,68.98200000000004
TitleYOP1K,63.94999999999991
Title2QY9H,74.96050000000004
TitleAEVPT,90.24400000000013
TitleAAW85,26.34999999999995
Title6NA9A,92.32819999999997
TitleY8YY5,65.143
Title0UG9L,73.80379999999994
Title1ID54,61.491000000000106
TitleSMXVA,58.860000000000106
TitleIZDBA,67.49999999999989
Title975KB,62.96500000000008
TitleECHPD,61.67399999999989
TitleOBCLV,57.968000000000096
Title68J6T,72.30199999999998
Title4S2QY,43.57549999999998
Title5JGSD,62.79999999999989
TitleALTXY,71.2560000000001
TitleCWGFU,32.68649999999998
TitlePHHD0,72.36699999999992
TitleKWFTK,67.50799999999995
Title475DZ,35.25889999999995
TitleMTJM7,67.40199999999996
TitlePF61Z,69.28100000000012
TitleBJ2ER,63.43899999999995
Title50LYV,63.330000000000055
TitleH3HUJ,48.18850000000001
Title7IMHP,50.54650000000006
TitleCMKW1,35.81520000000001
Title933SF,64.41530000000007
Title7YS1E,81.06720000000013
Title7EGA7,61.782000000000046
TitleLA7DV,64.94399999999987
TitleDL0DO,76.35599999999988
Title3NZJ5,57.628000000000064
TitleZGOLB,73.21299999999991
TitleLMEVA,56.15000000000006
TitleFP0TV,44.55349999999999
TitleFMIE8,91.14200000000011
TitleJJHXW,66.52799999999993
TitleTVRI1,64.86000000000003
Title3XYTX,70.63400000000004
TitleRE4WS,93.60880000000009
Title3QVNA,88.59960000000014
TitleCUD6G,60.35399999999994
Title1Z5EF,61.58400000000002
TitleEMZJH,69.2450000000001
TitleMIMHZ,64.06400000000002
TitleE3N7P,70.20000000000012
Title9CD16,58.257000000000055
TitleDOTV0,67.12299999999989
TitleS7YMO,62.58399999999996
TitleH9SN9,66.53400000000005
TitleYPB2B,64.09899999999995
Title0XTGZ,60.0040000000001
TitleHR7DD,57.3699999999999
TitleCQ4UW,105.5480000000001
TitleZFYTR,57.6099999999999
TitlePW097,57.028999999999925
Title6U3HV,34.49999999999994
TitleB1B6J,67.14100000000006
Title3UAB7,62.186000000000085
TitleY3U4X,76.12440000000012
TitleEXMHJ,43.50399999999998
TitleZSF9E,57.584999999999965
Title6Y3XE,73.57200000000003
Title7QMJP,68.36300000000011
TitleU9T6A,68.3949999999999
Title9WJB9,57.756000000000014
TitleF0ADH,40.017499999999984
TitleL28X4,57.18450000000003
Title09SLQ,63.74800000000005
TitleGLYDJ,67.796
TitleQIR2V,79.50040000000014
TitleD0VTL,93.4086
TitleT7QID,63.44000000000009
TitleNGUQY,69.04999999999988
TitleG86YF,65.23199999999991
Title23IO7,34.734999999999935
TitleWQVEK,69.85499999999989
TitleQPHUH,59.621000000000116
TitleKP4G1,43.67149999999995
Title5R18L,61.11899999999989
TitleJRGCZ,71.90700000000011
TitleQ9PBW,65.0800000000001
TitleROHOK,65.60000000000001
TitleXNCK8,64.37999999999991
TitleP6VI0,68.84400000000004
TitleRV2GZ,105.2230000000001
TitleI0P27,65.2300000000001
TitleMM4KT,36.688499999999955
TitleB9XZ4,59.04499999999991
TitleJBD8E,59.97000000000007
TitleO5VGC,65.1000000000001
TitleX32XH,101.10480000000008
Title1U11U,82.56360000000012
TitleLML3B,62.821000000000105
TitleO00RJ,66.0349999999999
TitleSN96Y,65.82000000000012
TitleKA948,28.326999999999952
TitleCVPNF,76.74020000000012
TitleFWMH1,57.54800000000006
Title2PTU0,65.59400000000005
TitleN7CXE,107.3400000000001
TitleH6PYI,107.3400000000001
Title1WBHS,71.48
Title9BDFO,62.034999999999926
Title2RE9J,61.822000000000116
TitleO3Q5A,68.38800000000006
TitleDRRFS,67.15250000000012
Title5KQ3S,22.475
Title48Y85,31.143999999999956
Title59YN5,26.34999999999995
TitleEMYF9,64.21499999999997
TitleC5GU4,54.135500000000086
Title4VATZ,73.39199999999991
Title7NA9H,57.46600000000004
Title92PQJ,54.46799999999994
TitleW302Q,64.75000000000009
TitleD00ZR,90.3388000000001
Title70LI7,81.11900000000003
Title2QB21,61.597000000000065
TitleNUPWA,55.79650000000008
Title5E9TK,71.81800000000003
TitleBQICI,67.70399999999997
TitleMKTT7,93.83480000000007
Title53X6Z,61.594000000000044
TitleT3R1J,82.49280000000005
TitleQ3FS0,94.5568000000001
TitleURBH7,34.12299999999996
TitleJLPX0,71.39500000000002
TitleSM0HS,66.62799999999994
TitleJ2GWX,67.19999999999995
TitleNAF56,48.87049999999993
TitleY5HE7,55.940000000000026
TitleBJ7S9,71.54400000000011
TitleG2N7R,65.5749999999999
TitleOFK5C,62.24799999999991
TitleII03Y,67.52800000000012
Title0K217,68.38000000000011
Title0K59O,89.91840000000013
Title8NITG,72.19000000000011
TitleKVY3W,63.475000000000094
Title6CDRU,41.277
TitleCER71,66.96400000000006
TitleSVC9G,59.531500000000015
Title33K91,61.38399999999993
TitleTZXYI,66.21599999999997
TitleU5X9V,65.39599999999996
TitleGVZWF,65.66599999999993
TitleDMING,73.79759999999989
TitleKLOX9,60.59100000000005
TitleFR2ZC,59.73499999999992
TitleN3TYW,70.80300000000013
TitleVS1Y6,44.216499999999996
TitleHJOH7,60.85000000000004
TitleD9TXZ,58.212999999999944
Title9EPDE,59.05800000000006
TitleRKYAC,72.43000000000012
TitleLMZ1H,61.883999999999915
TitleLDSLR,68.12399999999997
TitleBMT80,64.29699999999991
Title5E40D,65.3600000000001
TitleDVNA5,73.64040000000011
TitleH21KX,85.55640000000005
Title6EWP1,73.9420000000001
Title0FQTT,62.89000000000007
Title3QXI9,30.194999999999954
TitleVEJGJ,60.74199999999999
Title982EA,71.19999999999987
Title00Z6Y,81.35800000000013
TitleRJK37,64.43600000000004
Title7M9YB,62.66499999999989
TitleX21QG,60.44800000000001
TitleP1LW9,60.21200000000005
TitleWH5JN,63.944000000000095
TitleMDJBN,62.62399999999996
Title0AM7W,60.800000000000075
TitleON9VQ,85.20800000000014
Title1M5HJ,68.08500000000005
TitleGAIPV,70.12499999999989
TitlePU8YK,68.13199999999989
TitleT48HB,62.8229999999999
TitleRFQM2,63.157000000000025
TitleSYGAW,93.26220000000005
TitleBH0VD,68.68999999999994
TitleWF5UF,64.51900000000002
TitleG4KL3,69.52000000000002
Title88KT3,65.06000000000007
Title0YJOF,67.19999999999987
Title44M2Y,68.45199999999998
Title2SQHX,99.82920000000006
TitleNBDFJ,68.72800000000001
TitleE01MZ,63.89300000000003
TitleDO9SK,61.58599999999991
TitleYYTTB,98.38560000000003
TitleUO38W,58.40400000000008
TitleCB4WC,64.50399999999996
TitleCY39N,71.45200000000004
Title4T9TO,64.2119999999999
Title8POD5,65.18300000000004
TitleHK0BF,49.813000000000066
TitleDNSAF,64.3302
TitleYGX7S,61.19999999999989
TitleH0QO0,69.99599999999998
TitleA8V1T,94.68780000000007
TitleWKEZP,77.37370000000013
Title6DUW5,65.98199999999997
TitleNC7PU,69.24999999999989
Title8PB1R,45.88199999999999
TitleTIE51,67.42000000000003
TitleY8A1C,63.475000000000094
Title6K5J4,68.537
TitleNB01M,62.539999999999964
TitleNJJ4A,62.39999999999989
TitleYB0J7,83.11919999999996
TitleXOHHA,62.63099999999999
TitleZVMQ2,58.60000000000003
Title0SZNQ,59.28399999999995
TitleRQ0LY,65.55000000000013
Title8F271,42.54449999999999
TitleXQ1VJ,63.97999999999992
TitleRY9PW,60.88299999999994
TitleD2PQJ,70.06200000000005
TitleW5UO5,65.75800000000001
TitleOXCQI,57.57649999999995
Title5FVH9,67.30000000000013
TitleDAP2Q,70.81600000000005
Title8UT4U,69.72200000000007
TitleZ57ZP,67.00400000000012
TitlePL2LF,66.09740000000002
TitleS6JJC,64.26000000000009
TitleM4TAB,56.33200000000001
Title1RN6T,65.47
TitleI86XF,61.23500000000001
TitleTYSUA,68.3739999999999
TitleUG3QH,74.94120000000012
TitleI4O1J,55.26249999999996
Title7NIO5,68.85600000000011
TitleZ3MF1,67.44500000000012
TitleX3IV6,101.02620000000007
TitleNOCNZ,58.659999999999975
TitlePCY3C,66.9170000000001
TitleKZ7TL,61.00399999999999
TitleH5282,66.15599999999996
TitleDPKCW,60.57199999999998
TitleQHFL7,75.04799999999989
TitleVI5LB,68.54400000000011
TitleMH112,60.39200000000002
TitleLKN5K,67.91200000000012
TitleIJ2I5,36.398999999999944
Title0ZLP6,62.67200000000011
Title0K4PP,59.35000000000007
Title44ZW0,69.22600000000011
TitleP610W,54.845
TitleBN2FZ,69.09360000000001
TitleIAZXQ,70.94399999999992
Title2N7I0,62.308999999999905
TitleEWZ0I,70.68999999999988
TitleW6T9C,64.60399999999998
Title2XNIX,93.87279999999998
TitleHMFD3,61.90699999999997
Title72UTS,65.63199999999989
TitleG78PL,73.49
TitleAF256,69.30000000000013
TitleDPNW9,68.21699999999989
Title41L4W,62.973999999999904
TitleLICVD,66.31599999999989
TitleN44AZ,59.01400000000004
TitleDRALY,63.17999999999992
TitleDMT11,63.178333333333384
Title4ATTT,66.93599999999991
TitleLE5PR,58.01800000000007
Title50PKJ,104.13820000000013
Title6XUBF,107.3400000000001
TitleNISFK,52.812500000000036
TitleB0IUQ,65.1699999999999
Title5TADF,72.32400000000011
TitleFR37S,62.83000000000009
Title089DL,66.96950000000004
TitleP66TX,35.77699999999994
TitleACX2I,70.14499999999988
TitleGIA9P,67.987
Title797F9,59.7680000000001
TitleAX69B,54.164500000000004
Title7GLBO,66.395
Title1CMC4,63.62400000000009
Title9T7UA,62.2
TitleMGDXO,68.73700000000007
TitleZD3D5,61.06699999999992
Title1H9P5,65.858
TitleW2581,63.99399999999996
TitleF698Q,32.02449999999995
TitleUPPES,62.840999999999894
Title7RFRU,68.1520000000001
Title47TZG,55.70300000000006
TitleGDWO6,76.89519999999997
TitleCP8LA,63.14499999999991
TitleQ6OK6,62.431500000000014
TitleHH40S,69.71099999999987
Title7U4FB,59.55999999999989
TitleZNY1X,72.39800000000001
TitleFOX2L,58.06400000000001
TitleBV2OI,107.3400000000001
Title6FDM3,63.367000000000104
TitleW9RRC,62.45200000000006
TitleQVDQ6,66.3299999999999
Title7AJXS,62.079999999999934
TitlePRD8L,71.60199999999988
TitleU6LVE,71.43600000000012
TitleQ94KP,69.37999999999997
TitleG7EA3,59.115000000000066
Title23V3R,64.4199999999999
TitleWH83M,57.507999999999946
TitleZT7IS,40.50399999999995
TitleE4LN6,59.92400000000002
TitleI1NZN,55.46799999999997
TitlePYUSE,98.10780000000008
TitleN43XI,13.023999999999996
TitleRMEXM,61.32400000000006
TitleMFQKI,52.45000000000004
TitleWD36X,97.41780000000008
TitleL6DQ8,41.937499999999936
TitleW8S9B,65.5250000000001
Title7QAV0,61.51999999999991
Title1BNP4,60.300000000000075
TitleW7NTM,49.665000000000006
Title7VCYO,103.11600000000011
TitleORDFV,62.678999999999945
TitleOTAI0,57.740000000000066
TitleGWTKF,66.1349999999999
Title6IWVE,62.04399999999999
Title6037P,91.2784000000001
Title49OUK,60.400999999999996
Title6QU1Q,60.84800000000003
TitleG8NXX,72.05180000000003
TitleHGNI5,73.86240000000012
TitleI15H7,65.82800000000007
TitleYTG6A,71.06200000000013
TitleZSJC8,62.15999999999989
Title3ZGDR,63.4839999999999
TitleR6M7G,61.84599999999997
TitleTUZMT,68.69999999999987
TitleHKIY4,62.00999999999995
TitleAV8ZD,103.24360000000011
TitleK1ZJK,57.67999999999996
TitleMAEQD,67.48000000000002
TitleVPKN4,70.68699999999988
Title2IRBG,58.13500000000006
TitleB5F4T,66.3500000000001
TitleZ9EFX,62.85000000000011
Title6ZEKF,64.26400000000008
Title07DWS,61.54600000000008
TitleU4JDP,31.90199999999998
Title6SHHD,68.80559999999988
TitleHBWI9,64.87100000000008
TitleGAIRZ,59.67899999999992
TitleIG32W,63.314999999999955
Title12SLE,62.47399999999996
TitlePGD0X,68.98999999999998
Title05KWT,65.46799999999993
TitleCVXCO,92.84240000000007
Title6N8EC,59.196000000000005
TitleIFI2W,64.09799999999991
TitleRNZAN,66.37600000000006
TitleSTP0N,68.2751999999999
Title353HB,67.19999999999987
Title6E9CF,45.923
TitleR3L72,62.39999999999992
TitleD2CSJ,50.448999999999984
TitleW9RDL,102.6760000000001
TitleR205P,61.698000000000114
TitleCT4IC,61.21200000000008
TitlePGH8X,56.32
TitleDM68Z,71.81199999999998
Title29DVL,60.9400000000001
TitleS90MD,73.24099999999994
Title2MII0,63.16999999999997
TitleUNRSP,56.7069999999999
TitleN3WKB,70.47600000000007
TitleV2E67,73.38399999999987
TitleFKWIR,68.43200000000013
TitleIK899,73.14899999999993
TitleV2CTC,78.98120000000011
Title34J4I,59.93100000000005
TitleUVKGI,57.38800000000005
Title92X93,63.61200000000006
Title5YS9U,67.6299999999999
TitleYVIJW,71.26800000000009
TitleF7578,58.39600000000004
TitleUH8ZZ,64.28499999999991
TitleIWBQZ,62.60000000000008
TitleWYPBG,68.74099999999989
TitleJMIYB,72.96800000000002
TitleXU1HX,64.92100000000002
TitleC3Z5W,70.71000000000012
TitleETMER,66.6120000000001
TitleHSBKJ,67.09599999999995
TitleYIQZ2,32.08299999999996
TitleW1ON9,63.68550000000012
TitleLP7PK,65.70400000000006
Title8VA0E,66.44000000000001
TitleBAWPB,72.60499999999992
TitlePQ1LB,63.70000000000004
Title9BRV6,66.50100000000009
TitleJUKA7,61.69599999999997
TitleQ65CJ,62.92500000000009
TitleBOJWQ,64.46599999999995
TitleU7RSC,94.38160000000012
TitleOWURI,70.88000000000001
TitleOE6AS,101.3568000000001
TitleMBBS1,62.60000000000011
TitleM1HKD,57.42400000000005
TitleGAVCJ,62.09999999999989
TitleE21NV,71.36800000000002
TitleEN056,39.85899999999998
TitleQRXCS,61.26599999999989
TitlePZTC6,61.78400000000008
Title5Y5W3,60.80000000000011
Title4CYVQ,68.98499999999989
TitleB6BI2,64.0560000000001
TitleW4TC6,70.71799999999993
TitleWIETD,33.27749999999995
TitleSKV0E,35.46899999999997
Title20EBE,68.868
Title6EPNM,67.0300000000001
TitleWM5AJ,63.03699999999993
TitleD41S4,43.3855
TitleZOR84,69.19499999999992
TitleEABKA,62.32449999999992
TitleZLB8C,65.3915000000001
Title7R8KZ,66.08600000000011
TitleH8FIQ,65.8440000000001
TitleMKIM4,63.15400000000002
TitleQM62M,67.44400000000006
TitleEKK3G,70.56300000000005
TitleY22DA,60.47000000000009
TitleMKO4Z,65.67599999999995
TitleDCVTS,14.972999999999992
TitleCEYQC,106.9146000000001
TitleCDBOX,64.98399999999998
TitleEORA1,73.30000000000013
Title2BAIR,62.48799999999997
TitleT1XSZ,62.49600000000006
TitleHPQPB,66.4999999999999
Title876D6,68.61100000000005
TitleFL87W,107.3400000000001
TitleJFW2L,37.378499999999974
Title6ETEZ,60.79200000000007
TitleH1E78,72.46800000000012
TitleQYOJJ,65.3949999999999
TitleQL8HE,66.79400000000007
TitleZT3Q8,60.59400000000005
TitleTZWKL,38.795400000000015
Title7M6WY,60.266000000000105
TitleYM8T9,65.14199999999995
Title785GK,65.51499999999989
Title5N8TI,63.075999999999894
TitleUH7N5,33.27749999999994
TitleGG5O3,60.020000000000074
TitleKVU1H,62.823999999999984
TitleWK7OQ,55.50640000000004
TitleQ8GET,62.80000000000011
Title6QMQ2,94.98960000000007
TitleZRLPI,57.56999999999991
TitleHQOJX,65.59499999999998
TitleBWVPD,67.82599999999991
TitleBCHD2,64.51500000000006
Title64G3U,60.82999999999989
TitleW2FJH,81.51260000000003
TitleVC0G9,62.400999999999904
TitleP5UAW,61.31600000000006
TitleNZ29W,61.555000000000106
TitleJKOIP,98.00320000000005
TitleJW57A,67.2340000000001
TitleM9PH0,75.14800000000012
Title0KKRY,70.45000000000012
TitleCVUZS,66.10799999999998
Title6MQXH,62.00500000000007
Title63N52,10.452
Title9R4QJ,61.316000000000074
TitleTQAG6,57.364999999999924
Title4DYBD,79.3208
Title0DGLT,72.27200000000012
TitleEDT5D,71.19200000000008
Title89EJJ,63.82000000000008
TitleQRHV4,72.18000000000012
TitleTL8TV,59.54499999999993
TitleJ5XQU,106.20780000000012
TitleXELRZ,65.50399999999995
Title65YIV,37.81599999999997
TitleZ56L4,62.71599999999996
TitleWJU2L,91.5778000000001
TitleSQI25,61.46799999999995
TitleCWV72,97.35200000000005
TitleHV0G3,65.41600000000003
TitleEWB0E,63.850000000000094
TitleG09TB,32.69399999999995
TitleSXKMN,60.5800000000001
TitleK6ZPA,58.02049999999999
TitleGE5XP,55.69800000000001
TitleYBVTC,77.15940000000015
Title26GJJ,67.21299999999994
TitleC8QVY,29.974999999999945
Title373LX,61.15600000000005
Title4BQM0,60.175000000000075
TitleKIH6U,62.55599999999995
TitleYNDC7,55.73200000000008
TitleV26B8,63.12000000000009
TitleT7E70,28.81749999999995
TitleBTM08,61.99799999999991
TitleED1WD,65.15600000000006
TitleCTHSR,55.61299999999995
TitleJYFJB,31.907999999999973
TitleIK2Y3,69.54599999999999
TitleAP6X5,58.566999999999936
TitleIMIXB,67.63050000000005
Title8AEMM,52.6575000000001
TitleH9JV2,61.68399999999999
TitleZRT1P,64.12599999999999
Title58T6W,62.9186666666667
TitleOSF13,40.31749999999994
TitleKCU06,71.86979999999988
TitleXY39W,72.0
TitleFJW2F,63.7920000000001
TitleYE2BG,63.78959999999991
Title29M36,63.15000000000009
TitleH04BX,93.92880000000007
TitleLZ8O6,28.95399999999995
Title7UF4N,103.74480000000008
Title4PV8C,56.808999999999976
TitleN08R7,107.3400000000001
TitleTND66,76.34780000000002
TitleQIO3U,66.85400000000006
Title3PDJ0,64.34
TitleEVNEJ,66.58500000000001
Title0JXLB,68.04599999999995
TitleSST1A,68.1620000000001
TitleW4RI9,46.77399999999998
TitleUCX3N,66.44599999999996
TitleEA9MG,68.52000000000008
TitleCNW0A,69.75300000000001
TitleRE4FM,43.57349999999999
Title2N282,62.091000000000086
TitleVR7UT,60.89999999999993
TitleUWZIY,62.511999999999915
Title3A64B,49.13800000000001
TitleRBCFJ,72.50520000000012
TitleNYTFH,66.83900000000003
TitleBGRFC,59.45100000000004
TitleWWJ6X,103.0260000000001
TitleNK350,107.3400000000001
Title1N1II,74.10000000000012
TitleM1UE9,67.29899999999995
TitleHYQT7,69.88199999999992
TitleG814W,93.19120000000014
TitleB0PMY,56.487999999999914
TitleBBUFI,16.54699999999999
TitleG5VSK,20.871999999999986
Title5RUV3,64.31000000000002
TitleSEV42,63.05199999999995
Title438K1,63.54299999999992
TitleUZ3DI,69.31899999999997
TitleHT479,68.77699999999992
TitleKBBTU,63.690999999999974
TitleEV9GF,68.56299999999989
TitleKRMRZ,65.0699999999999
TitleBB3E1,64.64000000000009
TitleC6G9C,63.30000000000009
TitleVBED8,70.87000000000012
TitleBICN0,61.5
TitleIOVVV,62.54700000000003
TitleQRU5M,62.645999999999965
TitleL5J9W,61.736499999999985
TitleKAYDU,100.59900000000005
TitleS74OE,70.25739999999992
Title7X8D0,63.96000000000009
Title4TXOJ,55.300000000000026
TitleAI24X,63.399999999999906
Title7WRG6,63.59999999999989
Title2BHH1,61.89000000000001
Title5Q95N,61.34499999999993
Title31YAI,38.92749999999994
TitleJ2D0S,73.3242000000001
TitleATXPL,69.54400000000012
TitleT46RS,93.00620000000012
TitleX7JJE,50.13899999999999
TitleS1BAY,77.62080000000012
TitleAELWU,66.14399999999992
TitleSYDI4,62.66899999999996
TitleQVPSC,69.76299999999998
TitleQSNGK,60.979
TitleJZOKZ,77.66420000000012
TitleDJ0MS,61.55400000000002
TitleMTTRN,66.25300000000004
Title8E50X,66.81200000000005
Title1EW9T,63.02199999999996
TitleUQVUM,59.78899999999999
TitleWVYG8,64.85400000000003
TitleHTUKM,74.10899999999991
TitleIYOUQ,64.1859999999999
Title11T9M,58.24799999999999
TitleBSUA5,74.00880000000001
Title1QXPN,71.2689999999999
Title1NYOF,69.5480000000001
TitleIHHFR,69.8279999999999
TitleQYFNT,60.85199999999995
TitleVH335,58.113000000000056
Title1PTQJ,56.30700000000007
TitleQEZ5P,94.70080000000007
TitleCVH6V,62.89999999999992
TitleTC6OH,69.29599999999995
Title6R7VX,72.80399999999992
TitleMYCRA,59.193999999999896
TitleITC20,26.34999999999995
TitleCY245,100.75760000000011
TitleO09DL,65.08600000000013
TitleZQGIB,68.87780000000002
TitleJS6ZB,68.59600000000012
Title0GRHA,73.47999999999999
TitleGQJU7,67.9916000000001
Title3XO7D,33.47949999999997
TitleKZCMH,59.07750000000011
TitleUDKQ1,106.87360000000011
TitleIPVDH,65.16200000000005
TitlePF3W3,70.53599999999999
TitleCLRD7,66.76800000000003
Title8UJDQ,66.37300000000009
Title5DNSM,62.616000000000106
TitleO56F5,91.95190000000011
Title2K05N,70.80000000000013
TitleHQL6Q,66.5200000000001
TitlePOL75,61.349999999999945
TitleH149Z,61.09599999999993
TitleGPKAD,67.00999999999998
Title7QHF1,60.98750000000006
TitleK52R1,35.41249999999994
TitleGBD4N,66.99449999999987
TitleUWIF4,67.73500000000011
TitleK650G,66.40900000000008
Title2J3RP,71.12900000000008
TitleFM63F,83.1932000000001
Title2H7IY,106.8756000000001
Title1LVHT,84.9592000000001
TitleD9415,66.06100000000012
TitleI4YA3,61.40599999999992
TitleZGBPH,94.29840000000004
TitleEX9NJ,46.24999999999997
TitleGADOR,67.33600000000006
TitleA63P3,65.66599999999993
Title45VUD,61.10000000000007
Title5NV8S,65.28350000000005
Title3V1YD,67.13999999999992
TitleSALYL,60.493999999999915
TitleGFAC5,59.23200000000007
Title089HE,59.34000000000006
TitleDL9GJ,60.19299999999996
TitleUHTM4,69.57200000000007
TitleT6597,56.27500000000006
Title4JXJP,91.15620000000011
Title10CGL,76.48559999999989
TitleR230U,63.15899999999992
Title0XBLE,76.74020000000012
TitleRTKQ1,68.58300000000003
TitleCB5C1,30.150499999999965
TitleIG6QE,27.64449999999995
Title3Q3HJ,58.066999999999915
TitleVC5GO,47.37499999999999
Title9MRRH,73.00399999999999
Title6KYB0,57.844000000000094
TitleNPO27,69.61200000000007
Title2L8OW,69.806
Title5UTR7,65.2800000000001
TitleDXK1W,89.68560000000006
TitleOLE7C,61.569999999999915
TitleXL6Z6,69.73320000000004
TitleCAA9S,69.83000000000011
TitleS1Y5O,26.34999999999995
TitleXMATD,69.1320000000001
TitleKWA72,69.10999999999999
TitleENUVN,65.7830000000001
TitleBW1EW,67.17600000000002
TitleHQ967,62.312000000000005
TitleVGANC,75.26100000000011
TitleOTR0Z,61.0380000000001
TitleS7HU7,73.238
TitleNQJH0,74.7285
Title8HXM3,4.885000000000003
Title61N9H,58.15599999999993
Title8FDTI,58.708000000000055
Title3FCY5,42.39249999999999
TitleOLVPE,58.16499999999991
TitleWFDXU,38.571999999999996
Title0YDK4,65.19800000000008
TitleBM1J1,70.41800000000008
Title4NNTJ,69.63799999999998
TitleLN5S1,57.33150000000007
TitleD2ASQ,18.72
TitleA5VUC,67.4299999999999
TitleZ9MGC,65.71500000000002
TitleU5YAN,59.861999999999945
TitleLEEH4,61.790000000000106
Title3DN74,70.98799999999997
TitleB4YP4,62.56599999999997
TitleTH53P,41.86849999999995
Title0RM9L,60.20899999999993
TitleGRMFX,74.86500000000012
TitleU4J6Y,60.14599999999996
TitleHKMEL,94.92480000000006
TitleSHH1C,62.336000000000105
TitleKEFUI,71.04799999999992
TitleWMLN5,93.58800000000006
TitleOMMTU,82.06159999999996
Title2Q1A9,64.3302
TitleMJDL6,61.49599999999999
TitleILV1L,26.69349999999995
TitleQMD0X,27.70749999999995
TitleQ9EJZ,60.77699999999995
Title3G91J,62.539999999999935
Title7CL9L,69.78599999999989
Title4RL5S,64.18
TitleRBS9E,27.44000000000001
TitleA05R3,86.15240000000013
Title22SSR,63.18599999999992
Title80TYK,68.92000000000012
TitleA40GC,88.7123000000001
TitleIRIEQ,73.31099999999988
Title8NPO9,67.575
TitleJZ2NF,64.87199999999996
TitleSLJPK,62.54799999999994
TitleNH5I5,89.72400000000009
Title7O3R2,66.41499999999989
TitleBIYMP,65.68400000000011
TitleVZIP5,60.17000000000007
TitleG7BX1,4.36
TitleO6Z5U,60.3199999999999
TitleWOXPP,30.94880000000001
Title1S5QW,56.46399999999995
TitleXFWI1,67.5499999999999
TitleK6XN7,43.51749999999996
TitleJNMG2,66.16400000000013
Title4YBEE,61.12533333333342
TitleBPK6B,63.10200000000002
Title690RK,72.12160000000002
TitleZNXDK,11.845999999999998
TitleQPIVB,59.322000000000074
TitleD4B9D,67.70800000000001
TitleIUTZC,59.276000000000096
TitleDXXBE,92.49360000000011
TitleXEU8K,40.936
Title435A8,67.3299999999999
TitleEMEG7,85.90320000000008
TitleIOC2Z,38.312499999999936
TitleQOEH4,38.63499999999996
TitleI6R8T,78.36560000000009
TitleLWAMH,60.339000000000105
TitleVQIJP,69.79400000000011
TitleQJVOB,62.09499999999993
TitleJTUG8,70.97899999999993
TitlePCJK5,60.51499999999993
TitleW6NUX,57.35099999999993
TitleH0MK9,71.9449999999999
TitleCITBB,72.70879999999997
Title3TTX6,69.55900000000001
TitleSNG6L,64.77600000000008
Title9QPAT,61.30899999999995
TitleJE4ED,63.294
TitleMONPH,68.03599999999989
TitleUHCL9,72.14999999999988
TitleT5N6V,95.93280000000011
TitleL9VTS,57.09699999999997
TitleITQGT,64.5720000000001
TitleYDA9K,67.4760000000001
TitleVV5L7,95.50800000000002
TitleZOQA6,63.60100000000001
Title0R5AG,71.9539999999999
Title1NE07,62.793999999999954
TitleHQ1DR,67.886
TitleV70ZI,62.56399999999996
TitleMT4BN,58.43599999999998
TitleGAVYD,71.74859999999994
TitleVZFNB,86.43680000000008
TitlePCTNX,32.82899999999997
TitleV6H0Y,60.1920000000001
Title2EI06,56.24599999999993
Title1U117,65.67199999999988
TitleXIDEN,64.76600000000005
TitleF8RSB,66.47199999999991
TitleS8K8L,18.62799999999999
TitleB8JEX,59.88699999999995
TitleRXSOT,68.13099999999994
TitleJK7I2,61.18499999999992
Title44YUQ,20.45599999999999
TitleD53TZ,65.73600000000012
TitlePJHNR,65.4100000000001
TitleEOHQM,54.56450000000001
TitleI1NT0,83.73960000000014
TitleP3NUG,68.73200000000011
TitleUQFC9,73.90000000000013
TitleAMI78,61.32800000000001
TitlePFTQR,56.88400000000001
TitleR3I65,41.99149999999996
TitleUQKH9,102.45120000000011
TitleCR7TX,64.68800000000012
TitleGNZ9A,59.800000000000026
TitleC7BSE,53.7915
TitleSF3JL,73.28300000000007
TitleXX9NB,82.80720000000011
TitleR662H,68.12400000000001
TitleTE3RE,59.63500000000011
Title6U3L5,58.79600000000007
TitleXXWWU,107.3400000000001
TitleY7CAH,59.18199999999991
Title2ENFB,58.97899999999992
TitleH7AWM,58.7689999999999
TitleGSR96,75.65760000000002
TitleA974Y,76.73540000000011
TitleKRD9S,67.3909999999999
TitleIC1XX,67.26400000000004
TitleHF4BN,63.703999999999944
TitleSKPGV,66.68199999999987
TitleN8ORD,60.941
TitleRULS9,57.93099999999994
TitleX989N,27.031999999999975
TitleLCQ2F,56.89999999999995
TitleODWHI,69.38000000000007
TitleWMB1Z,91.32400000000007
TitleIAMBX,69.73599999999989
TitleMW5XJ,58.88000000000008
TitleUFI52,64.92800000000003
TitleYNEJ5,63.30000000000011
TitleTHPVI,69.74799999999996
TitleXKJI4,75.6312000000001
Title4FAJZ,70.20500000000011
TitleL1LU4,68.6980000000001
TitleT3T7L,11.42
Title9PWUT,60.639000000000095
TitleGPI1Y,12.52
TitleJGSGL,59.04799999999993
TitleJTFJF,72.9576000000001
TitleQAY87,69.94800000000012
TitleVZQ1Z,61.596000000000025
TitleBJVZH,69.45299999999989
TitleWGVF6,62.425999999999995
Title84262,61.68200000000001
TitleS708T,62.68499999999991
Title5Y3QW,73.3242000000001
TitleGJ5D5,63.12899999999995
TitleG472T,85.07040000000013
TitleJT36Q,27.506499999999956
TitleGR2WP,67.94000000000005
Title5FQID,71.48400000000001
Title2D482,39.93299999999997
TitleN5G1W,63.174000000000085
TitleVQ2HA,61.18200000000002
TitleU5Q5B,61.129999999999924
TitleL6V9A,73.43879999999994
Title2R8VU,66.98799999999997
Title7HCNJ,81.26860000000013
TitleCD5YZ,62.04150000000001
Title8OKXL,62.630999999999894
TitleHFQT8,69.68999999999998
